"projectKey","issueKey","type","severity","status","resolution","component","line","rule","message","effort","debt","author","creationDate","updateDate","tags","url"
"si091_reginsa_frontend","AZzie9idHru0ZB8CW9ip","CODE_SMELL","MAJOR","OPEN",,"si091_reginsa_frontend:src/app/app.component.scss","1","css:S4667","Unexpected empty source","1min","1min","","2026-03-12T14:36:49+0000","2026-03-12T14:36:49+0000","","http://localhost:9000/project/issues?id=si091_reginsa_frontend&issues=AZzie9idHru0ZB8CW9ip&open=AZzie9idHru0ZB8CW9ip"
"si091_reginsa_frontend","AZzie9OwHru0ZB8CW9co","CODE_SMELL","MAJOR","OPEN",,"si091_reginsa_frontend:src/assets/layout/styles/theme/theme-base/components/misc/_blockui.scss","1","css:S4667","Unexpected empty source","1min","1min","","2026-03-12T14:36:49+0000","2026-03-12T14:36:49+0000","","http://localhost:9000/project/issues?id=si091_reginsa_frontend&issues=AZzie9OwHru0ZB8CW9co&open=AZzie9OwHru0ZB8CW9co"
"si091_reginsa_frontend","AZzie9d1Hru0ZB8CW9hh","CODE_SMELL","CRITICAL","OPEN",,"si091_reginsa_frontend:src/app/components/pages/infractor/infractor.component.ts","758","typescript:S3776","Refactor this function to reduce its Cognitive Complexity from 35 to the 15 allowed.","25min","25min","julioaylas@sunedu.gob.pe","2026-02-06T16:55:48+0000","2026-03-12T14:36:49+0000","brain-overload","http://localhost:9000/project/issues?id=si091_reginsa_frontend&issues=AZzie9d1Hru0ZB8CW9hh&open=AZzie9d1Hru0ZB8CW9hh"
"si091_reginsa_frontend","AZzie9d1Hru0ZB8CW9hy","CODE_SMELL","CRITICAL","OPEN",,"si091_reginsa_frontend:src/app/components/pages/infractor/infractor.component.ts","2528","typescript:S3776","Refactor this function to reduce its Cognitive Complexity from 46 to the 15 allowed.","36min","36min","julioaylas@sunedu.gob.pe","2026-02-06T16:55:48+0000","2026-03-12T14:36:49+0000","brain-overload","http://localhost:9000/project/issues?id=si091_reginsa_frontend&issues=AZzie9d1Hru0ZB8CW9hy&open=AZzie9d1Hru0ZB8CW9hy"
"si091_reginsa_frontend","AZzie9c9Hru0ZB8CW9gz","BUG","MAJOR","OPEN",,"si091_reginsa_frontend:src/app/components/pages/infractor/infractor.component.html","109","Web:TableHeaderHasIdOrScopeCheck","Add either an 'id' or a 'scope' attribute to this <th> tag.","10min","10min","julioaylas@sunedu.gob.pe","2026-02-02T23:06:09+0000","2026-03-12T14:36:49+0000","accessibility;wcag2-a","http://localhost:9000/project/issues?id=si091_reginsa_frontend&issues=AZzie9c9Hru0ZB8CW9gz&open=AZzie9c9Hru0ZB8CW9gz"
"si091_reginsa_frontend","AZzie9c9Hru0ZB8CW9g0","BUG","MAJOR","OPEN",,"si091_reginsa_frontend:src/app/components/pages/infractor/infractor.component.html","110","Web:TableHeaderHasIdOrScopeCheck","Add either an 'id' or a 'scope' attribute to this <th> tag.","10min","10min","julioaylas@sunedu.gob.pe","2026-02-02T23:06:09+0000","2026-03-12T14:36:49+0000","accessibility;wcag2-a","http://localhost:9000/project/issues?id=si091_reginsa_frontend&issues=AZzie9c9Hru0ZB8CW9g0&open=AZzie9c9Hru0ZB8CW9g0"
"si091_reginsa_frontend","AZzie9c9Hru0ZB8CW9g1","BUG","MAJOR","OPEN",,"si091_reginsa_frontend:src/app/components/pages/infractor/infractor.component.html","111","Web:TableHeaderHasIdOrScopeCheck","Add either an 'id' or a 'scope' attribute to this <th> tag.","10min","10min","julioaylas@sunedu.gob.pe","2026-02-02T23:06:09+0000","2026-03-12T14:36:49+0000","accessibility;wcag2-a","http://localhost:9000/project/issues?id=si091_reginsa_frontend&issues=AZzie9c9Hru0ZB8CW9g1&open=AZzie9c9Hru0ZB8CW9g1"
"si091_reginsa_frontend","AZzie9c9Hru0ZB8CW9g2","BUG","MAJOR","OPEN",,"si091_reginsa_frontend:src/app/components/pages/infractor/infractor.component.html","112","Web:TableHeaderHasIdOrScopeCheck","Add either an 'id' or a 'scope' attribute to this <th> tag.","10min","10min","julioaylas@sunedu.gob.pe","2026-02-02T23:06:09+0000","2026-03-12T14:36:49+0000","accessibility;wcag2-a","http://localhost:9000/project/issues?id=si091_reginsa_frontend&issues=AZzie9c9Hru0ZB8CW9g2&open=AZzie9c9Hru0ZB8CW9g2"
"si091_reginsa_frontend","AZzie9c9Hru0ZB8CW9g3","BUG","MAJOR","OPEN",,"si091_reginsa_frontend:src/app/components/pages/infractor/infractor.component.html","113","Web:TableHeaderHasIdOrScopeCheck","Add either an 'id' or a 'scope' attribute to this <th> tag.","10min","10min","julioaylas@sunedu.gob.pe","2026-02-02T23:06:09+0000","2026-03-12T14:36:49+0000","accessibility;wcag2-a","http://localhost:9000/project/issues?id=si091_reginsa_frontend&issues=AZzie9c9Hru0ZB8CW9g3&open=AZzie9c9Hru0ZB8CW9g3"
"si091_reginsa_frontend","AZzie9c9Hru0ZB8CW9g4","BUG","MAJOR","OPEN",,"si091_reginsa_frontend:src/app/components/pages/infractor/infractor.component.html","114","Web:TableHeaderHasIdOrScopeCheck","Add either an 'id' or a 'scope' attribute to this <th> tag.","10min","10min","julioaylas@sunedu.gob.pe","2026-02-02T23:06:09+0000","2026-03-12T14:36:49+0000","accessibility;wcag2-a","http://localhost:9000/project/issues?id=si091_reginsa_frontend&issues=AZzie9c9Hru0ZB8CW9g4&open=AZzie9c9Hru0ZB8CW9g4"
"si091_reginsa_frontend","AZzie9c9Hru0ZB8CW9g6","BUG","MAJOR","OPEN",,"si091_reginsa_frontend:src/app/components/pages/infractor/infractor.component.html","116","Web:TableHeaderHasIdOrScopeCheck","Add either an 'id' or a 'scope' attribute to this <th> tag.","10min","10min","julioaylas@sunedu.gob.pe","2026-02-02T23:06:09+0000","2026-03-12T14:36:49+0000","accessibility;wcag2-a","http://localhost:9000/project/issues?id=si091_reginsa_frontend&issues=AZzie9c9Hru0ZB8CW9g6&open=AZzie9c9Hru0ZB8CW9g6"
"si091_reginsa_frontend","AZzie9c9Hru0ZB8CW9g7","BUG","MAJOR","OPEN",,"si091_reginsa_frontend:src/app/components/pages/infractor/infractor.component.html","117","Web:TableHeaderHasIdOrScopeCheck","Add either an 'id' or a 'scope' attribute to this <th> tag.","10min","10min","julioaylas@sunedu.gob.pe","2026-02-02T23:06:09+0000","2026-03-12T14:36:49+0000","accessibility;wcag2-a","http://localhost:9000/project/issues?id=si091_reginsa_frontend&issues=AZzie9c9Hru0ZB8CW9g7&open=AZzie9c9Hru0ZB8CW9g7"
"si091_reginsa_frontend","AZzie9d1Hru0ZB8CW9hw","CODE_SMELL","MINOR","OPEN",,"si091_reginsa_frontend:src/app/components/pages/infractor/infractor.component.ts","2251","typescript:S4325","This assertion is unnecessary since it does not change the type of the expression.","1min","1min","julioaylas@sunedu.gob.pe","2026-02-02T23:06:09+0000","2026-03-12T14:36:49+0000","redundant","http://localhost:9000/project/issues?id=si091_reginsa_frontend&issues=AZzie9d1Hru0ZB8CW9hw&open=AZzie9d1Hru0ZB8CW9hw"
"si091_reginsa_frontend","AZzie9d1Hru0ZB8CW9hj","CODE_SMELL","CRITICAL","OPEN",,"si091_reginsa_frontend:src/app/components/pages/infractor/infractor.component.ts","1366","typescript:S3776","Refactor this function to reduce its Cognitive Complexity from 41 to the 15 allowed.","31min","31min","julioaylas@sunedu.gob.pe","2026-01-23T23:01:51+0000","2026-03-12T14:36:49+0000","brain-overload","http://localhost:9000/project/issues?id=si091_reginsa_frontend&issues=AZzie9d1Hru0ZB8CW9hj&open=AZzie9d1Hru0ZB8CW9hj"
"si091_reginsa_frontend","AZzie9d1Hru0ZB8CW9hr","BUG","CRITICAL","OPEN",,"si091_reginsa_frontend:src/app/components/pages/infractor/infractor.component.ts","1915","typescript:S4335","Simplify this intersection as it always has type ""any"".","5min","5min","julioaylas@sunedu.gob.pe","2026-01-23T23:01:51+0000","2026-03-12T14:36:49+0000","pitfall","http://localhost:9000/project/issues?id=si091_reginsa_frontend&issues=AZzie9d1Hru0ZB8CW9hr&open=AZzie9d1Hru0ZB8CW9hr"
"si091_reginsa_frontend","AZzie9d2Hru0ZB8CW9hz","CODE_SMELL","MINOR","OPEN",,"si091_reginsa_frontend:src/app/components/pages/infractor/infractor.component.ts","2675","typescript:S4325","This assertion is unnecessary since it does not change the type of the expression.","1min","1min","julioaylas@sunedu.gob.pe","2026-01-23T23:01:51+0000","2026-03-12T14:36:49+0000","redundant","http://localhost:9000/project/issues?id=si091_reginsa_frontend&issues=AZzie9d2Hru0ZB8CW9hz&open=AZzie9d2Hru0ZB8CW9hz"
"si091_reginsa_frontend","AZzie9d2Hru0ZB8CW9h1","CODE_SMELL","CRITICAL","OPEN",,"si091_reginsa_frontend:src/app/components/pages/infractor/infractor.component.ts","3021","typescript:S3776","Refactor this function to reduce its Cognitive Complexity from 66 to the 15 allowed.","56min","56min","julioaylas@sunedu.gob.pe","2026-01-23T23:01:51+0000","2026-03-12T14:36:49+0000","brain-overload","http://localhost:9000/project/issues?id=si091_reginsa_frontend&issues=AZzie9d2Hru0ZB8CW9h1&open=AZzie9d2Hru0ZB8CW9h1"
"si091_reginsa_frontend","AZzie9cpHru0ZB8CW9gu","BUG","MAJOR","OPEN",,"si091_reginsa_frontend:src/app/components/pages/administrado/administrado.component.html","75","Web:TableHeaderHasIdOrScopeCheck","Add either an 'id' or a 'scope' attribute to this <th> tag.","10min","10min","julioaylas@sunedu.gob.pe","2026-01-22T22:39:55+0000","2026-03-12T14:36:49+0000","accessibility;wcag2-a","http://localhost:9000/project/issues?id=si091_reginsa_frontend&issues=AZzie9cpHru0ZB8CW9gu&open=AZzie9cpHru0ZB8CW9gu"
"si091_reginsa_frontend","AZzie9cpHru0ZB8CW9gv","BUG","MAJOR","OPEN",,"si091_reginsa_frontend:src/app/components/pages/administrado/administrado.component.html","78","Web:TableHeaderHasIdOrScopeCheck","Add either an 'id' or a 'scope' attribute to this <th> tag.","10min","10min","julioaylas@sunedu.gob.pe","2026-01-22T22:39:55+0000","2026-03-12T14:36:49+0000","accessibility;wcag2-a","http://localhost:9000/project/issues?id=si091_reginsa_frontend&issues=AZzie9cpHru0ZB8CW9gv&open=AZzie9cpHru0ZB8CW9gv"
"si091_reginsa_frontend","AZzie9cpHru0ZB8CW9gp","BUG","MAJOR","OPEN",,"si091_reginsa_frontend:src/app/components/pages/administrado/administrado.component.html","66","Web:TableHeaderHasIdOrScopeCheck","Add either an 'id' or a 'scope' attribute to this <th> tag.","10min","10min","julioaylas@sunedu.gob.pe","2026-01-22T20:31:19+0000","2026-03-12T14:36:49+0000","accessibility;wcag2-a","http://localhost:9000/project/issues?id=si091_reginsa_frontend&issues=AZzie9cpHru0ZB8CW9gp&open=AZzie9cpHru0ZB8CW9gp"
"si091_reginsa_frontend","AZzie9cpHru0ZB8CW9gq","BUG","MAJOR","OPEN",,"si091_reginsa_frontend:src/app/components/pages/administrado/administrado.component.html","67","Web:TableHeaderHasIdOrScopeCheck","Add either an 'id' or a 'scope' attribute to this <th> tag.","10min","10min","julioaylas@sunedu.gob.pe","2026-01-22T20:31:19+0000","2026-03-12T14:36:49+0000","accessibility;wcag2-a","http://localhost:9000/project/issues?id=si091_reginsa_frontend&issues=AZzie9cpHru0ZB8CW9gq&open=AZzie9cpHru0ZB8CW9gq"
"si091_reginsa_frontend","AZzie9cUHru0ZB8CW9gl","CODE_SMELL","MINOR","OPEN",,"si091_reginsa_frontend:src/app/components/pages/administrado/administrado.component.ts","336","typescript:S6353","Use concise character class syntax '\D' instead of '[^0-9]'.","5min","5min","julioaylas@sunedu.gob.pe","2026-01-22T20:31:19+0000","2026-03-12T14:36:49+0000","regex","http://localhost:9000/project/issues?id=si091_reginsa_frontend&issues=AZzie9cUHru0ZB8CW9gl&open=AZzie9cUHru0ZB8CW9gl"
"si091_reginsa_frontend","AZzie9cUHru0ZB8CW9gm","CODE_SMELL","MINOR","OPEN",,"si091_reginsa_frontend:src/app/components/pages/administrado/administrado.component.ts","344","typescript:S6353","Use concise character class syntax '\D' instead of '[^0-9]'.","5min","5min","julioaylas@sunedu.gob.pe","2026-01-22T20:31:19+0000","2026-03-12T14:36:49+0000","regex","http://localhost:9000/project/issues?id=si091_reginsa_frontend&issues=AZzie9cUHru0ZB8CW9gm&open=AZzie9cUHru0ZB8CW9gm"
"si091_reginsa_frontend","AZzie9c9Hru0ZB8CW9gy","BUG","MAJOR","OPEN",,"si091_reginsa_frontend:src/app/components/pages/infractor/infractor.component.html","108","Web:TableHeaderHasIdOrScopeCheck","Add either an 'id' or a 'scope' attribute to this <th> tag.","10min","10min","julioaylas@sunedu.gob.pe","2026-01-22T20:31:19+0000","2026-03-12T14:36:49+0000","accessibility;wcag2-a","http://localhost:9000/project/issues?id=si091_reginsa_frontend&issues=AZzie9c9Hru0ZB8CW9gy&open=AZzie9c9Hru0ZB8CW9gy"
"si091_reginsa_frontend","AZzie9cpHru0ZB8CW9gn","CODE_SMELL","MAJOR","OPEN",,"si091_reginsa_frontend:src/app/components/pages/administrado/administrado.component.html","37","Web:AvoidCommentedOutCodeCheck","Remove this commented out code.","5min","5min","julioaylas@sunedu.gob.pe","2026-01-22T15:52:33+0000","2026-03-12T14:36:49+0000","unused","http://localhost:9000/project/issues?id=si091_reginsa_frontend&issues=AZzie9cpHru0ZB8CW9gn&open=AZzie9cpHru0ZB8CW9gn"
"si091_reginsa_frontend","AZzie9cpHru0ZB8CW9go","BUG","MAJOR","OPEN",,"si091_reginsa_frontend:src/app/components/pages/administrado/administrado.component.html","65","Web:TableHeaderHasIdOrScopeCheck","Add either an 'id' or a 'scope' attribute to this <th> tag.","10min","10min","julioaylas@sunedu.gob.pe","2026-01-22T15:52:33+0000","2026-03-12T14:36:49+0000","accessibility;wcag2-a","http://localhost:9000/project/issues?id=si091_reginsa_frontend&issues=AZzie9cpHru0ZB8CW9go&open=AZzie9cpHru0ZB8CW9go"
"si091_reginsa_frontend","AZzie9cpHru0ZB8CW9gr","BUG","MAJOR","OPEN",,"si091_reginsa_frontend:src/app/components/pages/administrado/administrado.component.html","68","Web:TableHeaderHasIdOrScopeCheck","Add either an 'id' or a 'scope' attribute to this <th> tag.","10min","10min","julioaylas@sunedu.gob.pe","2026-01-22T15:52:33+0000","2026-03-12T14:36:49+0000","accessibility;wcag2-a","http://localhost:9000/project/issues?id=si091_reginsa_frontend&issues=AZzie9cpHru0ZB8CW9gr&open=AZzie9cpHru0ZB8CW9gr"
"si091_reginsa_frontend","AZzie9cpHru0ZB8CW9gs","BUG","MAJOR","OPEN",,"si091_reginsa_frontend:src/app/components/pages/administrado/administrado.component.html","71","Web:TableHeaderHasIdOrScopeCheck","Add either an 'id' or a 'scope' attribute to this <th> tag.","10min","10min","julioaylas@sunedu.gob.pe","2026-01-22T15:52:33+0000","2026-03-12T14:36:49+0000","accessibility;wcag2-a","http://localhost:9000/project/issues?id=si091_reginsa_frontend&issues=AZzie9cpHru0ZB8CW9gs&open=AZzie9cpHru0ZB8CW9gs"
"si091_reginsa_frontend","AZzie9cpHru0ZB8CW9gt","BUG","MAJOR","OPEN",,"si091_reginsa_frontend:src/app/components/pages/administrado/administrado.component.html","74","Web:TableHeaderHasIdOrScopeCheck","Add either an 'id' or a 'scope' attribute to this <th> tag.","10min","10min","julioaylas@sunedu.gob.pe","2026-01-22T15:52:33+0000","2026-03-12T14:36:49+0000","accessibility;wcag2-a","http://localhost:9000/project/issues?id=si091_reginsa_frontend&issues=AZzie9cpHru0ZB8CW9gt&open=AZzie9cpHru0ZB8CW9gt"
"si091_reginsa_frontend","AZzie9d1Hru0ZB8CW9hq","CODE_SMELL","MAJOR","OPEN",,"si091_reginsa_frontend:src/app/components/pages/infractor/infractor.component.ts","1758","typescript:S3358","Extract this nested ternary operation into an independent statement.","5min","5min","julioaylas@sunedu.gob.pe","2026-01-21T19:31:13+0000","2026-03-12T14:36:49+0000","confusing","http://localhost:9000/project/issues?id=si091_reginsa_frontend&issues=AZzie9d1Hru0ZB8CW9hq&open=AZzie9d1Hru0ZB8CW9hq"
"si091_reginsa_frontend","AZzie9d2Hru0ZB8CW9h0","CODE_SMELL","CRITICAL","OPEN",,"si091_reginsa_frontend:src/app/components/pages/infractor/infractor.component.ts","2782","typescript:S3776","Refactor this function to reduce its Cognitive Complexity from 21 to the 15 allowed.","11min","11min","julioaylas@sunedu.gob.pe","2026-01-21T19:31:13+0000","2026-03-12T14:36:49+0000","brain-overload","http://localhost:9000/project/issues?id=si091_reginsa_frontend&issues=AZzie9d2Hru0ZB8CW9h0&open=AZzie9d2Hru0ZB8CW9h0"
"si091_reginsa_frontend","AZzie9d1Hru0ZB8CW9hn","CODE_SMELL","CRITICAL","OPEN",,"si091_reginsa_frontend:src/app/components/pages/infractor/infractor.component.ts","1626","typescript:S3776","Refactor this function to reduce its Cognitive Complexity from 55 to the 15 allowed.","45min","45min","julioaylas@sunedu.gob.pe","2026-01-15T16:15:53+0000","2026-03-12T14:36:49+0000","brain-overload","http://localhost:9000/project/issues?id=si091_reginsa_frontend&issues=AZzie9d1Hru0ZB8CW9hn&open=AZzie9d1Hru0ZB8CW9hn"
"si091_reginsa_frontend","AZzie9d1Hru0ZB8CW9ht","CODE_SMELL","CRITICAL","OPEN",,"si091_reginsa_frontend:src/app/components/pages/infractor/infractor.component.ts","1989","typescript:S3776","Refactor this function to reduce its Cognitive Complexity from 65 to the 15 allowed.","55min","55min","julioaylas@sunedu.gob.pe","2026-01-15T16:15:53+0000","2026-03-12T14:36:49+0000","brain-overload","http://localhost:9000/project/issues?id=si091_reginsa_frontend&issues=AZzie9d1Hru0ZB8CW9ht&open=AZzie9d1Hru0ZB8CW9ht"
"si091_reginsa_frontend","AZzie9d1Hru0ZB8CW9hk","CODE_SMELL","CRITICAL","OPEN",,"si091_reginsa_frontend:src/app/components/pages/infractor/infractor.component.ts","1534","typescript:S3776","Refactor this function to reduce its Cognitive Complexity from 25 to the 15 allowed.","15min","15min","julioaylas@sunedu.gob.pe","2026-01-07T14:25:47+0000","2026-03-12T14:36:49+0000","brain-overload","http://localhost:9000/project/issues?id=si091_reginsa_frontend&issues=AZzie9d1Hru0ZB8CW9hk&open=AZzie9d1Hru0ZB8CW9hk"
"si091_reginsa_frontend","AZzie9d1Hru0ZB8CW9hl","CODE_SMELL","MAJOR","OPEN",,"si091_reginsa_frontend:src/app/components/pages/infractor/infractor.component.ts","1568","typescript:S3358","Extract this nested ternary operation into an independent statement.","5min","5min","julioaylas@sunedu.gob.pe","2026-01-07T14:25:47+0000","2026-03-12T14:36:49+0000","confusing","http://localhost:9000/project/issues?id=si091_reginsa_frontend&issues=AZzie9d1Hru0ZB8CW9hl&open=AZzie9d1Hru0ZB8CW9hl"
"si091_reginsa_frontend","AZzie9d1Hru0ZB8CW9hm","CODE_SMELL","MAJOR","OPEN",,"si091_reginsa_frontend:src/app/components/pages/infractor/infractor.component.ts","1570","typescript:S3358","Extract this nested ternary operation into an independent statement.","5min","5min","julioaylas@sunedu.gob.pe","2026-01-07T14:25:47+0000","2026-03-12T14:36:49+0000","confusing","http://localhost:9000/project/issues?id=si091_reginsa_frontend&issues=AZzie9d1Hru0ZB8CW9hm&open=AZzie9d1Hru0ZB8CW9hm"
"si091_reginsa_frontend","AZzie9eyHru0ZB8CW9h9","CODE_SMELL","MINOR","OPEN",,"si091_reginsa_frontend:src/app/layout/app.menuitem.component.ts","9","typescript:S1128","Remove this unused import of 'SimpleChanges'.","2min","2min","julioaylas@sunedu.gob.pe","2026-01-06T20:38:05+0000","2026-03-12T14:36:49+0000","es2015;unused","http://localhost:9000/project/issues?id=si091_reginsa_frontend&issues=AZzie9eyHru0ZB8CW9h9&open=AZzie9eyHru0ZB8CW9h9"
"si091_reginsa_frontend","AZzie9eyHru0ZB8CW9h-","CODE_SMELL","CRITICAL","OPEN",,"si091_reginsa_frontend:src/app/layout/app.menuitem.component.ts","309","typescript:S3776","Refactor this function to reduce its Cognitive Complexity from 17 to the 15 allowed.","7min","7min","julioaylas@sunedu.gob.pe","2026-01-06T20:38:05+0000","2026-03-12T14:36:49+0000","brain-overload","http://localhost:9000/project/issues?id=si091_reginsa_frontend&issues=AZzie9eyHru0ZB8CW9h-&open=AZzie9eyHru0ZB8CW9h-"
"si091_reginsa_frontend","AZzie9eyHru0ZB8CW9h_","CODE_SMELL","MAJOR","OPEN",,"si091_reginsa_frontend:src/app/layout/app.menuitem.component.ts","385","typescript:S3358","Extract this nested ternary operation into an independent statement.","5min","5min","julioaylas@sunedu.gob.pe","2026-01-06T20:38:05+0000","2026-03-12T14:36:49+0000","confusing","http://localhost:9000/project/issues?id=si091_reginsa_frontend&issues=AZzie9eyHru0ZB8CW9h_&open=AZzie9eyHru0ZB8CW9h_"
"si091_reginsa_frontend","AZzie9d1Hru0ZB8CW9hd","CODE_SMELL","MINOR","OPEN",,"si091_reginsa_frontend:src/app/components/pages/infractor/infractor.component.ts","41","typescript:S3863","'@angular/router' import is duplicated.","1min","1min","julioaylas@sunedu.gob.pe","2025-12-30T16:54:35+0000","2026-03-12T14:36:49+0000","es2015","http://localhost:9000/project/issues?id=si091_reginsa_frontend&issues=AZzie9d1Hru0ZB8CW9hd&open=AZzie9d1Hru0ZB8CW9hd"
"si091_reginsa_frontend","AZzie9d1Hru0ZB8CW9he","CODE_SMELL","MINOR","OPEN",,"si091_reginsa_frontend:src/app/components/pages/infractor/infractor.component.ts","41","typescript:S1128","Remove this unused import of 'NavigationEnd'.","2min","2min","julioaylas@sunedu.gob.pe","2025-12-30T16:54:35+0000","2026-03-12T14:36:49+0000","es2015;unused","http://localhost:9000/project/issues?id=si091_reginsa_frontend&issues=AZzie9d1Hru0ZB8CW9he&open=AZzie9d1Hru0ZB8CW9he"
"si091_reginsa_frontend","AZzie9c9Hru0ZB8CW9hL","BUG","MAJOR","OPEN",,"si091_reginsa_frontend:src/app/components/pages/infractor/infractor.component.html","660","Web:TableHeaderHasIdOrScopeCheck","Add either an 'id' or a 'scope' attribute to this <th> tag.","10min","10min","julioaylas@sunedu.gob.pe","2025-12-29T17:47:18+0000","2026-03-12T14:36:49+0000","accessibility;wcag2-a","http://localhost:9000/project/issues?id=si091_reginsa_frontend&issues=AZzie9c9Hru0ZB8CW9hL&open=AZzie9c9Hru0ZB8CW9hL"
"si091_reginsa_frontend","AZzie9c9Hru0ZB8CW9hU","BUG","MAJOR","OPEN",,"si091_reginsa_frontend:src/app/components/pages/infractor/infractor.component.html","1338","Web:TableHeaderHasIdOrScopeCheck","Add either an 'id' or a 'scope' attribute to this <th> tag.","10min","10min","julioaylas@sunedu.gob.pe","2025-12-29T17:47:18+0000","2026-03-12T14:36:49+0000","accessibility;wcag2-a","http://localhost:9000/project/issues?id=si091_reginsa_frontend&issues=AZzie9c9Hru0ZB8CW9hU&open=AZzie9c9Hru0ZB8CW9hU"
"si091_reginsa_frontend","AZzie9d1Hru0ZB8CW9hx","CODE_SMELL","MAJOR","OPEN",,"si091_reginsa_frontend:src/app/components/pages/infractor/infractor.component.ts","2270","typescript:S3358","Extract this nested ternary operation into an independent statement.","5min","5min","julioaylas@sunedu.gob.pe","2025-12-29T17:47:18+0000","2026-03-12T14:36:49+0000","confusing","http://localhost:9000/project/issues?id=si091_reginsa_frontend&issues=AZzie9d1Hru0ZB8CW9hx&open=AZzie9d1Hru0ZB8CW9hx"
"si091_reginsa_frontend","AZzie9d1Hru0ZB8CW9hv","CODE_SMELL","MINOR","OPEN",,"si091_reginsa_frontend:src/app/components/pages/infractor/infractor.component.ts","2241","typescript:S4325","This assertion is unnecessary since it does not change the type of the expression.","1min","1min","julioaylas@sunedu.gob.pe","2025-12-19T15:51:46+0000","2026-03-12T14:36:49+0000","redundant","http://localhost:9000/project/issues?id=si091_reginsa_frontend&issues=AZzie9d1Hru0ZB8CW9hv&open=AZzie9d1Hru0ZB8CW9hv"
"si091_reginsa_frontend","AZzie9c9Hru0ZB8CW9hP","BUG","MAJOR","OPEN",,"si091_reginsa_frontend:src/app/components/pages/infractor/infractor.component.html","1333","Web:TableHeaderHasIdOrScopeCheck","Add either an 'id' or a 'scope' attribute to this <th> tag.","10min","10min","julioaylas@sunedu.gob.pe","2025-12-18T17:52:17+0000","2026-03-12T14:36:49+0000","accessibility;wcag2-a","http://localhost:9000/project/issues?id=si091_reginsa_frontend&issues=AZzie9c9Hru0ZB8CW9hP&open=AZzie9c9Hru0ZB8CW9hP"
"si091_reginsa_frontend","AZzie9c9Hru0ZB8CW9hQ","BUG","MAJOR","OPEN",,"si091_reginsa_frontend:src/app/components/pages/infractor/infractor.component.html","1334","Web:TableHeaderHasIdOrScopeCheck","Add either an 'id' or a 'scope' attribute to this <th> tag.","10min","10min","julioaylas@sunedu.gob.pe","2025-12-18T17:52:17+0000","2026-03-12T14:36:49+0000","accessibility;wcag2-a","http://localhost:9000/project/issues?id=si091_reginsa_frontend&issues=AZzie9c9Hru0ZB8CW9hQ&open=AZzie9c9Hru0ZB8CW9hQ"
"si091_reginsa_frontend","AZzie9c9Hru0ZB8CW9hR","BUG","MAJOR","OPEN",,"si091_reginsa_frontend:src/app/components/pages/infractor/infractor.component.html","1335","Web:TableHeaderHasIdOrScopeCheck","Add either an 'id' or a 'scope' attribute to this <th> tag.","10min","10min","julioaylas@sunedu.gob.pe","2025-12-18T17:52:17+0000","2026-03-12T14:36:49+0000","accessibility;wcag2-a","http://localhost:9000/project/issues?id=si091_reginsa_frontend&issues=AZzie9c9Hru0ZB8CW9hR&open=AZzie9c9Hru0ZB8CW9hR"
"si091_reginsa_frontend","AZzie9c9Hru0ZB8CW9hS","BUG","MAJOR","OPEN",,"si091_reginsa_frontend:src/app/components/pages/infractor/infractor.component.html","1336","Web:TableHeaderHasIdOrScopeCheck","Add either an 'id' or a 'scope' attribute to this <th> tag.","10min","10min","julioaylas@sunedu.gob.pe","2025-12-18T17:52:17+0000","2026-03-12T14:36:49+0000","accessibility;wcag2-a","http://localhost:9000/project/issues?id=si091_reginsa_frontend&issues=AZzie9c9Hru0ZB8CW9hS&open=AZzie9c9Hru0ZB8CW9hS"
"si091_reginsa_frontend","AZzie9c9Hru0ZB8CW9hT","BUG","MAJOR","OPEN",,"si091_reginsa_frontend:src/app/components/pages/infractor/infractor.component.html","1337","Web:TableHeaderHasIdOrScopeCheck","Add either an 'id' or a 'scope' attribute to this <th> tag.","10min","10min","julioaylas@sunedu.gob.pe","2025-12-18T17:52:17+0000","2026-03-12T14:36:49+0000","accessibility;wcag2-a","http://localhost:9000/project/issues?id=si091_reginsa_frontend&issues=AZzie9c9Hru0ZB8CW9hT&open=AZzie9c9Hru0ZB8CW9hT"
"si091_reginsa_frontend","AZzie9c9Hru0ZB8CW9hV","BUG","MAJOR","OPEN",,"si091_reginsa_frontend:src/app/components/pages/infractor/infractor.component.html","1339","Web:TableHeaderHasIdOrScopeCheck","Add either an 'id' or a 'scope' attribute to this <th> tag.","10min","10min","julioaylas@sunedu.gob.pe","2025-12-18T17:52:17+0000","2026-03-12T14:36:49+0000","accessibility;wcag2-a","http://localhost:9000/project/issues?id=si091_reginsa_frontend&issues=AZzie9c9Hru0ZB8CW9hV&open=AZzie9c9Hru0ZB8CW9hV"
"si091_reginsa_frontend","AZzie9c9Hru0ZB8CW9hW","BUG","MAJOR","OPEN",,"si091_reginsa_frontend:src/app/components/pages/infractor/infractor.component.html","1340","Web:TableHeaderHasIdOrScopeCheck","Add either an 'id' or a 'scope' attribute to this <th> tag.","10min","10min","julioaylas@sunedu.gob.pe","2025-12-18T17:52:17+0000","2026-03-12T14:36:49+0000","accessibility;wcag2-a","http://localhost:9000/project/issues?id=si091_reginsa_frontend&issues=AZzie9c9Hru0ZB8CW9hW&open=AZzie9c9Hru0ZB8CW9hW"
"si091_reginsa_frontend","AZzie9d2Hru0ZB8CW9h2","CODE_SMELL","CRITICAL","OPEN",,"si091_reginsa_frontend:src/app/components/pages/infractor/infractor.component.ts","3305","typescript:S3776","Refactor this function to reduce its Cognitive Complexity from 16 to the 15 allowed.","6min","6min","julioaylas@sunedu.gob.pe","2025-12-18T17:52:17+0000","2026-03-12T14:36:49+0000","brain-overload","http://localhost:9000/project/issues?id=si091_reginsa_frontend&issues=AZzie9d2Hru0ZB8CW9h2&open=AZzie9d2Hru0ZB8CW9h2"
"si091_reginsa_frontend","AZzie9htHru0ZB8CW9ii","CODE_SMELL","MINOR","OPEN",,"si091_reginsa_frontend:src/app/services/infractor.service.ts","12","typescript:S1128","Remove this unused import of 'DetalleInfraccionSancionModel'.","2min","2min","julioaylas@sunedu.gob.pe","2025-12-17T22:08:01+0000","2026-03-12T14:36:49+0000","es2015;unused","http://localhost:9000/project/issues?id=si091_reginsa_frontend&issues=AZzie9htHru0ZB8CW9ii&open=AZzie9htHru0ZB8CW9ii"
"si091_reginsa_frontend","AZzie9c9Hru0ZB8CW9hG","BUG","MAJOR","OPEN",,"si091_reginsa_frontend:src/app/components/pages/infractor/infractor.component.html","654","Web:TableHeaderHasIdOrScopeCheck","Add either an 'id' or a 'scope' attribute to this <th> tag.","10min","10min","julioaylas@sunedu.gob.pe","2025-12-17T15:00:53+0000","2026-03-12T14:36:49+0000","accessibility;wcag2-a","http://localhost:9000/project/issues?id=si091_reginsa_frontend&issues=AZzie9c9Hru0ZB8CW9hG&open=AZzie9c9Hru0ZB8CW9hG"
"si091_reginsa_frontend","AZzie9c9Hru0ZB8CW9hH","BUG","MAJOR","OPEN",,"si091_reginsa_frontend:src/app/components/pages/infractor/infractor.component.html","655","Web:TableHeaderHasIdOrScopeCheck","Add either an 'id' or a 'scope' attribute to this <th> tag.","10min","10min","julioaylas@sunedu.gob.pe","2025-12-17T15:00:53+0000","2026-03-12T14:36:49+0000","accessibility;wcag2-a","http://localhost:9000/project/issues?id=si091_reginsa_frontend&issues=AZzie9c9Hru0ZB8CW9hH&open=AZzie9c9Hru0ZB8CW9hH"
"si091_reginsa_frontend","AZzie9c9Hru0ZB8CW9hI","BUG","MAJOR","OPEN",,"si091_reginsa_frontend:src/app/components/pages/infractor/infractor.component.html","656","Web:TableHeaderHasIdOrScopeCheck","Add either an 'id' or a 'scope' attribute to this <th> tag.","10min","10min","julioaylas@sunedu.gob.pe","2025-12-17T15:00:53+0000","2026-03-12T14:36:49+0000","accessibility;wcag2-a","http://localhost:9000/project/issues?id=si091_reginsa_frontend&issues=AZzie9c9Hru0ZB8CW9hI&open=AZzie9c9Hru0ZB8CW9hI"
"si091_reginsa_frontend","AZzie9c9Hru0ZB8CW9hJ","BUG","MAJOR","OPEN",,"si091_reginsa_frontend:src/app/components/pages/infractor/infractor.component.html","657","Web:TableHeaderHasIdOrScopeCheck","Add either an 'id' or a 'scope' attribute to this <th> tag.","10min","10min","julioaylas@sunedu.gob.pe","2025-12-17T15:00:53+0000","2026-03-12T14:36:49+0000","accessibility;wcag2-a","http://localhost:9000/project/issues?id=si091_reginsa_frontend&issues=AZzie9c9Hru0ZB8CW9hJ&open=AZzie9c9Hru0ZB8CW9hJ"
"si091_reginsa_frontend","AZzie9c9Hru0ZB8CW9hK","BUG","MAJOR","OPEN",,"si091_reginsa_frontend:src/app/components/pages/infractor/infractor.component.html","658","Web:TableHeaderHasIdOrScopeCheck","Add either an 'id' or a 'scope' attribute to this <th> tag.","10min","10min","julioaylas@sunedu.gob.pe","2025-12-17T15:00:53+0000","2026-03-12T14:36:49+0000","accessibility;wcag2-a","http://localhost:9000/project/issues?id=si091_reginsa_frontend&issues=AZzie9c9Hru0ZB8CW9hK&open=AZzie9c9Hru0ZB8CW9hK"
"si091_reginsa_frontend","AZzie9c9Hru0ZB8CW9hM","BUG","MAJOR","OPEN",,"si091_reginsa_frontend:src/app/components/pages/infractor/infractor.component.html","661","Web:TableHeaderHasIdOrScopeCheck","Add either an 'id' or a 'scope' attribute to this <th> tag.","10min","10min","julioaylas@sunedu.gob.pe","2025-12-17T15:00:53+0000","2026-03-12T14:36:49+0000","accessibility;wcag2-a","http://localhost:9000/project/issues?id=si091_reginsa_frontend&issues=AZzie9c9Hru0ZB8CW9hM&open=AZzie9c9Hru0ZB8CW9hM"
"si091_reginsa_frontend","AZzie9c9Hru0ZB8CW9hN","BUG","MAJOR","OPEN",,"si091_reginsa_frontend:src/app/components/pages/infractor/infractor.component.html","662","Web:TableHeaderHasIdOrScopeCheck","Add either an 'id' or a 'scope' attribute to this <th> tag.","10min","10min","julioaylas@sunedu.gob.pe","2025-12-17T15:00:53+0000","2026-03-12T14:36:49+0000","accessibility;wcag2-a","http://localhost:9000/project/issues?id=si091_reginsa_frontend&issues=AZzie9c9Hru0ZB8CW9hN&open=AZzie9c9Hru0ZB8CW9hN"
"si091_reginsa_frontend","AZzie9c9Hru0ZB8CW9hO","BUG","MAJOR","OPEN",,"si091_reginsa_frontend:src/app/components/pages/infractor/infractor.component.html","663","Web:TableHeaderHasIdOrScopeCheck","Add either an 'id' or a 'scope' attribute to this <th> tag.","10min","10min","julioaylas@sunedu.gob.pe","2025-12-17T15:00:53+0000","2026-03-12T14:36:49+0000","accessibility;wcag2-a","http://localhost:9000/project/issues?id=si091_reginsa_frontend&issues=AZzie9c9Hru0ZB8CW9hO&open=AZzie9c9Hru0ZB8CW9hO"
"si091_reginsa_frontend","AZzie9d1Hru0ZB8CW9ho","CODE_SMELL","MAJOR","OPEN",,"si091_reginsa_frontend:src/app/components/pages/infractor/infractor.component.ts","1750","typescript:S3358","Extract this nested ternary operation into an independent statement.","5min","5min","julioaylas@sunedu.gob.pe","2025-12-17T15:00:53+0000","2026-03-12T14:36:49+0000","confusing","http://localhost:9000/project/issues?id=si091_reginsa_frontend&issues=AZzie9d1Hru0ZB8CW9ho&open=AZzie9d1Hru0ZB8CW9ho"
"si091_reginsa_frontend","AZzie9d1Hru0ZB8CW9hp","CODE_SMELL","MAJOR","OPEN",,"si091_reginsa_frontend:src/app/components/pages/infractor/infractor.component.ts","1752","typescript:S3358","Extract this nested ternary operation into an independent statement.","5min","5min","julioaylas@sunedu.gob.pe","2025-12-17T15:00:53+0000","2026-03-12T14:36:49+0000","confusing","http://localhost:9000/project/issues?id=si091_reginsa_frontend&issues=AZzie9d1Hru0ZB8CW9hp&open=AZzie9d1Hru0ZB8CW9hp"
"si091_reginsa_frontend","AZzie9d1Hru0ZB8CW9hs","CODE_SMELL","MINOR","OPEN",,"si091_reginsa_frontend:src/app/components/pages/infractor/infractor.component.ts","1918","typescript:S4325","This assertion is unnecessary since it does not change the type of the expression.","1min","1min","julioaylas@sunedu.gob.pe","2025-12-17T15:00:53+0000","2026-03-12T14:36:49+0000","redundant","http://localhost:9000/project/issues?id=si091_reginsa_frontend&issues=AZzie9d1Hru0ZB8CW9hs&open=AZzie9d1Hru0ZB8CW9hs"
"si091_reginsa_frontend","AZzie9c9Hru0ZB8CW9g5","BUG","MAJOR","OPEN",,"si091_reginsa_frontend:src/app/components/pages/infractor/infractor.component.html","115","Web:TableHeaderHasIdOrScopeCheck","Add either an 'id' or a 'scope' attribute to this <th> tag.","10min","10min","julioaylas@sunedu.gob.pe","2025-12-16T18:15:55+0000","2026-03-12T14:36:49+0000","accessibility;wcag2-a","http://localhost:9000/project/issues?id=si091_reginsa_frontend&issues=AZzie9c9Hru0ZB8CW9g5&open=AZzie9c9Hru0ZB8CW9g5"
"si091_reginsa_frontend","AZzie9c9Hru0ZB8CW9g8","BUG","MAJOR","OPEN",,"si091_reginsa_frontend:src/app/components/pages/infractor/infractor.component.html","172","Web:TableHeaderHasIdOrScopeCheck","Add either an 'id' or a 'scope' attribute to this <th> tag.","10min","10min","julioaylas@sunedu.gob.pe","2025-12-16T18:15:55+0000","2026-03-12T14:36:49+0000","accessibility;wcag2-a","http://localhost:9000/project/issues?id=si091_reginsa_frontend&issues=AZzie9c9Hru0ZB8CW9g8&open=AZzie9c9Hru0ZB8CW9g8"
"si091_reginsa_frontend","AZzie9c9Hru0ZB8CW9g9","BUG","MAJOR","OPEN",,"si091_reginsa_frontend:src/app/components/pages/infractor/infractor.component.html","173","Web:TableHeaderHasIdOrScopeCheck","Add either an 'id' or a 'scope' attribute to this <th> tag.","10min","10min","julioaylas@sunedu.gob.pe","2025-12-16T18:15:55+0000","2026-03-12T14:36:49+0000","accessibility;wcag2-a","http://localhost:9000/project/issues?id=si091_reginsa_frontend&issues=AZzie9c9Hru0ZB8CW9g9&open=AZzie9c9Hru0ZB8CW9g9"
"si091_reginsa_frontend","AZzie9c9Hru0ZB8CW9g-","BUG","MAJOR","OPEN",,"si091_reginsa_frontend:src/app/components/pages/infractor/infractor.component.html","174","Web:TableHeaderHasIdOrScopeCheck","Add either an 'id' or a 'scope' attribute to this <th> tag.","10min","10min","julioaylas@sunedu.gob.pe","2025-12-16T18:15:55+0000","2026-03-12T14:36:49+0000","accessibility;wcag2-a","http://localhost:9000/project/issues?id=si091_reginsa_frontend&issues=AZzie9c9Hru0ZB8CW9g-&open=AZzie9c9Hru0ZB8CW9g-"
"si091_reginsa_frontend","AZzie9c9Hru0ZB8CW9g_","BUG","MAJOR","OPEN",,"si091_reginsa_frontend:src/app/components/pages/infractor/infractor.component.html","175","Web:TableHeaderHasIdOrScopeCheck","Add either an 'id' or a 'scope' attribute to this <th> tag.","10min","10min","julioaylas@sunedu.gob.pe","2025-12-16T18:15:55+0000","2026-03-12T14:36:49+0000","accessibility;wcag2-a","http://localhost:9000/project/issues?id=si091_reginsa_frontend&issues=AZzie9c9Hru0ZB8CW9g_&open=AZzie9c9Hru0ZB8CW9g_"
"si091_reginsa_frontend","AZzie9htHru0ZB8CW9ij","CODE_SMELL","MINOR","OPEN",,"si091_reginsa_frontend:src/app/services/infractor.service.ts","23","typescript:S3863","'../models/cabecera-infraccion-sancion.model' import is duplicated.","1min","1min","julioaylas@sunedu.gob.pe","2025-12-16T18:15:55+0000","2026-03-12T14:36:49+0000","es2015","http://localhost:9000/project/issues?id=si091_reginsa_frontend&issues=AZzie9htHru0ZB8CW9ij&open=AZzie9htHru0ZB8CW9ij"
"si091_reginsa_frontend","AZzie9htHru0ZB8CW9ik","CODE_SMELL","MINOR","OPEN",,"si091_reginsa_frontend:src/app/services/infractor.service.ts","23","typescript:S1128","Remove this unused import of 'CabeceraDetalleModel'.","2min","2min","julioaylas@sunedu.gob.pe","2025-12-16T18:15:55+0000","2026-03-12T14:36:49+0000","es2015;unused","http://localhost:9000/project/issues?id=si091_reginsa_frontend&issues=AZzie9htHru0ZB8CW9ik&open=AZzie9htHru0ZB8CW9ik"
"si091_reginsa_frontend","AZzie9d1Hru0ZB8CW9hg","CODE_SMELL","MAJOR","OPEN",,"si091_reginsa_frontend:src/app/components/pages/infractor/infractor.component.ts","314","typescript:S3358","Extract this nested ternary operation into an independent statement.","5min","5min","julioaylas@sunedu.gob.pe","2025-12-11T14:34:30+0000","2026-03-12T14:36:49+0000","confusing","http://localhost:9000/project/issues?id=si091_reginsa_frontend&issues=AZzie9d1Hru0ZB8CW9hg&open=AZzie9d1Hru0ZB8CW9hg"
"si091_reginsa_frontend","AZzie9d1Hru0ZB8CW9hi","CODE_SMELL","CRITICAL","OPEN",,"si091_reginsa_frontend:src/app/components/pages/infractor/infractor.component.ts","1266","typescript:S3776","Refactor this function to reduce its Cognitive Complexity from 16 to the 15 allowed.","6min","6min","julioaylas@sunedu.gob.pe","2025-12-11T14:34:30+0000","2026-03-12T14:36:49+0000","brain-overload","http://localhost:9000/project/issues?id=si091_reginsa_frontend&issues=AZzie9d1Hru0ZB8CW9hi&open=AZzie9d1Hru0ZB8CW9hi"
"si091_reginsa_frontend","AZzie9d1Hru0ZB8CW9hu","CODE_SMELL","MAJOR","OPEN",,"si091_reginsa_frontend:src/app/components/pages/infractor/infractor.component.ts","2127","typescript:S3358","Extract this nested ternary operation into an independent statement.","5min","5min","julioaylas@sunedu.gob.pe","2025-12-11T14:34:30+0000","2026-03-12T14:36:49+0000","confusing","http://localhost:9000/project/issues?id=si091_reginsa_frontend&issues=AZzie9d1Hru0ZB8CW9hu&open=AZzie9d1Hru0ZB8CW9hu"
"si091_reginsa_frontend","AZzie9c9Hru0ZB8CW9gw","BUG","MAJOR","OPEN",,"si091_reginsa_frontend:src/app/components/pages/infractor/infractor.component.html","106","Web:TableHeaderHasIdOrScopeCheck","Add either an 'id' or a 'scope' attribute to this <th> tag.","10min","10min","alextorres@sunedu.gob.pe","2025-12-10T16:27:55+0000","2026-03-12T14:36:49+0000","accessibility;wcag2-a","http://localhost:9000/project/issues?id=si091_reginsa_frontend&issues=AZzie9c9Hru0ZB8CW9gw&open=AZzie9c9Hru0ZB8CW9gw"
"si091_reginsa_frontend","AZzie9c9Hru0ZB8CW9gx","BUG","MAJOR","OPEN",,"si091_reginsa_frontend:src/app/components/pages/infractor/infractor.component.html","107","Web:TableHeaderHasIdOrScopeCheck","Add either an 'id' or a 'scope' attribute to this <th> tag.","10min","10min","alextorres@sunedu.gob.pe","2025-12-10T16:27:55+0000","2026-03-12T14:36:49+0000","accessibility;wcag2-a","http://localhost:9000/project/issues?id=si091_reginsa_frontend&issues=AZzie9c9Hru0ZB8CW9gx&open=AZzie9c9Hru0ZB8CW9gx"
"si091_reginsa_frontend","AZzie9c9Hru0ZB8CW9hB","BUG","MAJOR","OPEN",,"si091_reginsa_frontend:src/app/components/pages/infractor/infractor.component.html","408","Web:TableHeaderHasIdOrScopeCheck","Add either an 'id' or a 'scope' attribute to this <th> tag.","10min","10min","ibookvalentin@gmail.com","2025-11-13T21:07:41+0000","2026-03-12T14:36:49+0000","accessibility;wcag2-a","http://localhost:9000/project/issues?id=si091_reginsa_frontend&issues=AZzie9c9Hru0ZB8CW9hB&open=AZzie9c9Hru0ZB8CW9hB"
"si091_reginsa_frontend","AZzie9c9Hru0ZB8CW9hD","BUG","MAJOR","OPEN",,"si091_reginsa_frontend:src/app/components/pages/infractor/infractor.component.html","413","Web:TableHeaderHasIdOrScopeCheck","Add either an 'id' or a 'scope' attribute to this <th> tag.","10min","10min","ibookvalentin@gmail.com","2025-11-13T21:07:41+0000","2026-03-12T14:36:49+0000","accessibility;wcag2-a","http://localhost:9000/project/issues?id=si091_reginsa_frontend&issues=AZzie9c9Hru0ZB8CW9hD&open=AZzie9c9Hru0ZB8CW9hD"
"si091_reginsa_frontend","AZzie9c9Hru0ZB8CW9hE","BUG","MAJOR","OPEN",,"si091_reginsa_frontend:src/app/components/pages/infractor/infractor.component.html","417","Web:TableHeaderHasIdOrScopeCheck","Add either an 'id' or a 'scope' attribute to this <th> tag.","10min","10min","ibookvalentin@gmail.com","2025-11-13T02:49:44+0000","2026-03-12T14:36:49+0000","accessibility;wcag2-a","http://localhost:9000/project/issues?id=si091_reginsa_frontend&issues=AZzie9c9Hru0ZB8CW9hE&open=AZzie9c9Hru0ZB8CW9hE"
"si091_reginsa_frontend","AZzie9d1Hru0ZB8CW9hZ","CODE_SMELL","INFO","OPEN",,"si091_reginsa_frontend:src/app/components/pages/infractor/infractor.component.ts","11","typescript:S1135","Complete the task associated to this ""TODO"" comment.","0min","0min","ibookvalentin@gmail.com","2025-11-07T16:18:15+0000","2026-03-12T14:36:49+0000","cwe","http://localhost:9000/project/issues?id=si091_reginsa_frontend&issues=AZzie9d1Hru0ZB8CW9hZ&open=AZzie9d1Hru0ZB8CW9hZ"
"si091_reginsa_frontend","AZzie9d1Hru0ZB8CW9ha","CODE_SMELL","MINOR","OPEN",,"si091_reginsa_frontend:src/app/components/pages/infractor/infractor.component.ts","16","typescript:S1128","Remove this unused import of 'EntidadCreateDto'.","2min","2min","ibookvalentin@gmail.com","2025-11-07T16:18:15+0000","2026-03-12T14:36:49+0000","es2015;unused","http://localhost:9000/project/issues?id=si091_reginsa_frontend&issues=AZzie9d1Hru0ZB8CW9ha&open=AZzie9d1Hru0ZB8CW9ha"
"si091_reginsa_frontend","AZzie9d1Hru0ZB8CW9hb","CODE_SMELL","INFO","OPEN",,"si091_reginsa_frontend:src/app/components/pages/infractor/infractor.component.ts","18","typescript:S1135","Complete the task associated to this ""TODO"" comment.","0min","0min","alextorres@sunedu.gob.pe","2025-10-20T22:35:57+0000","2026-03-12T14:36:49+0000","cwe","http://localhost:9000/project/issues?id=si091_reginsa_frontend&issues=AZzie9d1Hru0ZB8CW9hb&open=AZzie9d1Hru0ZB8CW9hb"
"si091_reginsa_frontend","AZzie9d1Hru0ZB8CW9hc","CODE_SMELL","INFO","OPEN",,"si091_reginsa_frontend:src/app/components/pages/infractor/infractor.component.ts","28","typescript:S1135","Complete the task associated to this ""TODO"" comment.","0min","0min","alextorres@sunedu.gob.pe","2025-10-20T22:35:57+0000","2026-03-12T14:36:49+0000","cwe","http://localhost:9000/project/issues?id=si091_reginsa_frontend&issues=AZzie9d1Hru0ZB8CW9hc&open=AZzie9d1Hru0ZB8CW9hc"
"si091_reginsa_frontend","AZzie9d1Hru0ZB8CW9hf","CODE_SMELL","INFO","OPEN",,"si091_reginsa_frontend:src/app/components/pages/infractor/infractor.component.ts","227","typescript:S1135","Complete the task associated to this ""TODO"" comment.","0min","0min","alextorres@sunedu.gob.pe","2025-10-20T22:35:57+0000","2026-03-12T14:36:49+0000","cwe","http://localhost:9000/project/issues?id=si091_reginsa_frontend&issues=AZzie9d1Hru0ZB8CW9hf&open=AZzie9d1Hru0ZB8CW9hf"
"si091_reginsa_frontend","AZzie9c9Hru0ZB8CW9hA","BUG","MAJOR","OPEN",,"si091_reginsa_frontend:src/app/components/pages/infractor/infractor.component.html","407","Web:TableHeaderHasIdOrScopeCheck","Add either an 'id' or a 'scope' attribute to this <th> tag.","10min","10min","oti126@sunedu.gob.pe","2025-10-20T20:01:21+0000","2026-03-12T14:36:49+0000","accessibility;wcag2-a","http://localhost:9000/project/issues?id=si091_reginsa_frontend&issues=AZzie9c9Hru0ZB8CW9hA&open=AZzie9c9Hru0ZB8CW9hA"
"si091_reginsa_frontend","AZzie9c9Hru0ZB8CW9hC","BUG","MAJOR","OPEN",,"si091_reginsa_frontend:src/app/components/pages/infractor/infractor.component.html","412","Web:TableHeaderHasIdOrScopeCheck","Add either an 'id' or a 'scope' attribute to this <th> tag.","10min","10min","oti126@sunedu.gob.pe","2025-10-20T20:01:21+0000","2026-03-12T14:36:49+0000","accessibility;wcag2-a","http://localhost:9000/project/issues?id=si091_reginsa_frontend&issues=AZzie9c9Hru0ZB8CW9hC&open=AZzie9c9Hru0ZB8CW9hC"
"si091_reginsa_frontend","AZzie9c9Hru0ZB8CW9hF","BUG","MAJOR","OPEN",,"si091_reginsa_frontend:src/app/components/pages/infractor/infractor.component.html","421","Web:TableHeaderHasIdOrScopeCheck","Add either an 'id' or a 'scope' attribute to this <th> tag.","10min","10min","oti126@sunedu.gob.pe","2025-10-20T20:01:21+0000","2026-03-12T14:36:49+0000","accessibility;wcag2-a","http://localhost:9000/project/issues?id=si091_reginsa_frontend&issues=AZzie9c9Hru0ZB8CW9hF&open=AZzie9c9Hru0ZB8CW9hF"
"si091_reginsa_frontend","AZzie9dXHru0ZB8CW9hX","CODE_SMELL","MINOR","OPEN",,"si091_reginsa_frontend:src/app/components/pages/infractor/infractor.module.ts","14","typescript:S1128","Remove this unused import of 'InputGroup'.","2min","2min","oti126@sunedu.gob.pe","2025-10-20T20:01:21+0000","2026-03-12T14:36:49+0000","es2015;unused","http://localhost:9000/project/issues?id=si091_reginsa_frontend&issues=AZzie9dXHru0ZB8CW9hX&open=AZzie9dXHru0ZB8CW9hX"
"si091_reginsa_frontend","AZzie9dXHru0ZB8CW9hY","CODE_SMELL","MINOR","OPEN",,"si091_reginsa_frontend:src/app/components/pages/infractor/infractor.module.ts","31","typescript:S1128","Remove this unused import of 'InputGroupAddon'.","2min","2min","oti126@sunedu.gob.pe","2025-10-20T20:01:21+0000","2026-03-12T14:36:49+0000","es2015;unused","http://localhost:9000/project/issues?id=si091_reginsa_frontend&issues=AZzie9dXHru0ZB8CW9hY&open=AZzie9dXHru0ZB8CW9hY"
"si091_reginsa_frontend","AZzie9hmHru0ZB8CW9ih","CODE_SMELL","CRITICAL","OPEN",,"si091_reginsa_frontend:src/app/services/reconsideracion.service.ts","8","typescript:S1186","Unexpected empty constructor.","5min","5min","oti126@sunedu.gob.pe","2025-10-15T15:31:24+0000","2026-03-12T14:36:49+0000","suspicious","http://localhost:9000/project/issues?id=si091_reginsa_frontend&issues=AZzie9hmHru0ZB8CW9ih&open=AZzie9hmHru0ZB8CW9ih"
"si091_reginsa_frontend","AZzie9gsHru0ZB8CW9iO","CODE_SMELL","CRITICAL","OPEN",,"si091_reginsa_frontend:src/app/services/reportes.service.ts","8","typescript:S1186","Unexpected empty constructor.","5min","5min","oti126@sunedu.gob.pe","2025-10-15T15:31:24+0000","2026-03-12T14:36:49+0000","suspicious","http://localhost:9000/project/issues?id=si091_reginsa_frontend&issues=AZzie9gsHru0ZB8CW9iO&open=AZzie9gsHru0ZB8CW9iO"
"si091_reginsa_frontend","AZzie9h8Hru0ZB8CW9il","CODE_SMELL","MINOR","OPEN",,"si091_reginsa_frontend:src/app/app.component.ts","3","typescript:S1128","Remove this unused import of 'environment'.","2min","2min","alextorres@sunedu.gob.pe","2025-10-15T09:19:37+0000","2026-03-12T14:36:49+0000","es2015;unused","http://localhost:9000/project/issues?id=si091_reginsa_frontend&issues=AZzie9h8Hru0ZB8CW9il&open=AZzie9h8Hru0ZB8CW9il"
"si091_reginsa_frontend","AZzie9bRHru0ZB8CW9gk","CODE_SMELL","MAJOR","OPEN",,"si091_reginsa_frontend:src/app/components/auth/verification/verification.component.ts","30","typescript:S1854","Remove this useless assignment to variable ""requestBody"".","15min","15min","alextorres@sunedu.gob.pe","2025-10-15T09:19:37+0000","2026-03-12T14:36:49+0000","cwe;unused","http://localhost:9000/project/issues?id=si091_reginsa_frontend&issues=AZzie9bRHru0ZB8CW9gk&open=AZzie9bRHru0ZB8CW9gk"
"si091_reginsa_frontend","AZzie9bJHru0ZB8CW9gj","CODE_SMELL","MINOR","OPEN",,"si091_reginsa_frontend:src/app/components/auth/verification/verification.module.ts","6","typescript:S1128","Remove this unused import of 'InputNumberModule'.","2min","2min","alextorres@sunedu.gob.pe","2025-10-15T09:19:37+0000","2026-03-12T14:36:49+0000","es2015;unused","http://localhost:9000/project/issues?id=si091_reginsa_frontend&issues=AZzie9bJHru0ZB8CW9gj&open=AZzie9bJHru0ZB8CW9gj"
"si091_reginsa_frontend","AZzie9eIHru0ZB8CW9h3","CODE_SMELL","MAJOR","OPEN",,"si091_reginsa_frontend:src/app/components/landing/landing.component.html","7","Web:AvoidCommentedOutCodeCheck","Remove this commented out code.","5min","5min","alextorres@sunedu.gob.pe","2025-10-15T09:19:37+0000","2026-03-12T14:36:49+0000","unused","http://localhost:9000/project/issues?id=si091_reginsa_frontend&issues=AZzie9eIHru0ZB8CW9h3&open=AZzie9eIHru0ZB8CW9h3"
"si091_reginsa_frontend","AZzie9eIHru0ZB8CW9h4","CODE_SMELL","MAJOR","OPEN",,"si091_reginsa_frontend:src/app/components/landing/landing.component.html","38","Web:AvoidCommentedOutCodeCheck","Remove this commented out code.","5min","5min","alextorres@sunedu.gob.pe","2025-10-15T09:19:37+0000","2026-03-12T14:36:49+0000","unused","http://localhost:9000/project/issues?id=si091_reginsa_frontend&issues=AZzie9eIHru0ZB8CW9h4&open=AZzie9eIHru0ZB8CW9h4"
"si091_reginsa_frontend","AZzie9eIHru0ZB8CW9h5","CODE_SMELL","MAJOR","OPEN",,"si091_reginsa_frontend:src/app/components/landing/landing.component.html","93","Web:AvoidCommentedOutCodeCheck","Remove this commented out code.","5min","5min","alextorres@sunedu.gob.pe","2025-10-15T09:19:37+0000","2026-03-12T14:36:49+0000","unused","http://localhost:9000/project/issues?id=si091_reginsa_frontend&issues=AZzie9eIHru0ZB8CW9h5&open=AZzie9eIHru0ZB8CW9h5"
"si091_reginsa_frontend","AZzie9eIHru0ZB8CW9h6","CODE_SMELL","MAJOR","OPEN",,"si091_reginsa_frontend:src/app/components/landing/landing.component.html","114","Web:AvoidCommentedOutCodeCheck","Remove this commented out code.","5min","5min","alextorres@sunedu.gob.pe","2025-10-15T09:19:37+0000","2026-03-12T14:36:49+0000","unused","http://localhost:9000/project/issues?id=si091_reginsa_frontend&issues=AZzie9eIHru0ZB8CW9h6&open=AZzie9eIHru0ZB8CW9h6"
"si091_reginsa_frontend","AZzie9eIHru0ZB8CW9h7","CODE_SMELL","MAJOR","OPEN",,"si091_reginsa_frontend:src/app/components/landing/landing.component.html","120","Web:AvoidCommentedOutCodeCheck","Remove this commented out code.","5min","5min","alextorres@sunedu.gob.pe","2025-10-15T09:19:37+0000","2026-03-12T14:36:49+0000","unused","http://localhost:9000/project/issues?id=si091_reginsa_frontend&issues=AZzie9eIHru0ZB8CW9h7&open=AZzie9eIHru0ZB8CW9h7"
"si091_reginsa_frontend","AZzie9eYHru0ZB8CW9h8","CODE_SMELL","CRITICAL","OPEN",,"si091_reginsa_frontend:src/app/components/landing/landing.component.ts","27","typescript:S3504","Unexpected var, use let or const instead.","5min","5min","alextorres@sunedu.gob.pe","2025-10-15T09:19:37+0000","2026-03-12T14:36:49+0000","bad-practice;es2015","http://localhost:9000/project/issues?id=si091_reginsa_frontend&issues=AZzie9eYHru0ZB8CW9h8&open=AZzie9eYHru0ZB8CW9h8"
"si091_reginsa_frontend","AZzie9iQHru0ZB8CW9im","CODE_SMELL","MAJOR","OPEN",,"si091_reginsa_frontend:src/app/guards/auth.guard.ts","20","typescript:S125","Remove this commented out code.","5min","5min","alextorres@sunedu.gob.pe","2025-10-15T09:19:37+0000","2026-03-12T14:36:49+0000","unused","http://localhost:9000/project/issues?id=si091_reginsa_frontend&issues=AZzie9iQHru0ZB8CW9im&open=AZzie9iQHru0ZB8CW9im"
"si091_reginsa_frontend","AZzie9glHru0ZB8CW9iN","CODE_SMELL","INFO","OPEN",,"si091_reginsa_frontend:src/app/interfaces/IBaseTableMaster.ts","6","typescript:S1135","Complete the task associated to this ""TODO"" comment.","0min","0min","alextorres@sunedu.gob.pe","2025-10-15T09:19:37+0000","2026-03-12T14:36:49+0000","cwe","http://localhost:9000/project/issues?id=si091_reginsa_frontend&issues=AZzie9glHru0ZB8CW9iN&open=AZzie9glHru0ZB8CW9iN"
"si091_reginsa_frontend","AZzie9ggHru0ZB8CW9iL","CODE_SMELL","INFO","OPEN",,"si091_reginsa_frontend:src/app/interfaces/IBaseTableMasterDetails.ts","6","typescript:S1135","Complete the task associated to this ""TODO"" comment.","0min","0min","alextorres@sunedu.gob.pe","2025-10-15T09:19:37+0000","2026-03-12T14:36:49+0000","cwe","http://localhost:9000/project/issues?id=si091_reginsa_frontend&issues=AZzie9ggHru0ZB8CW9iL&open=AZzie9ggHru0ZB8CW9iL"
"si091_reginsa_frontend","AZzie9ggHru0ZB8CW9iM","CODE_SMELL","INFO","OPEN",,"si091_reginsa_frontend:src/app/interfaces/IBaseTableMasterDetails.ts","9","typescript:S1135","Complete the task associated to this ""TODO"" comment.","0min","0min","alextorres@sunedu.gob.pe","2025-10-15T09:19:37+0000","2026-03-12T14:36:49+0000","cwe","http://localhost:9000/project/issues?id=si091_reginsa_frontend&issues=AZzie9ggHru0ZB8CW9iM&open=AZzie9ggHru0ZB8CW9iM"
"si091_reginsa_frontend","AZzie9fQHru0ZB8CW9iG","CODE_SMELL","MINOR","OPEN",,"si091_reginsa_frontend:src/app/layout/app.menu.component.ts","2","typescript:S3863","'@angular/core' import is duplicated.","1min","1min","alextorres@sunedu.gob.pe","2025-10-15T09:19:37+0000","2026-03-12T14:36:49+0000","es2015","http://localhost:9000/project/issues?id=si091_reginsa_frontend&issues=AZzie9fQHru0ZB8CW9iG&open=AZzie9fQHru0ZB8CW9iG"
"si091_reginsa_frontend","AZzie9fjHru0ZB8CW9iI","CODE_SMELL","MAJOR","OPEN",,"si091_reginsa_frontend:src/app/layout/app.profilesidebar.component.html","47","Web:AvoidCommentedOutCodeCheck","Remove this commented out code.","5min","5min","alextorres@sunedu.gob.pe","2025-10-15T09:19:37+0000","2026-03-12T14:36:49+0000","unused","http://localhost:9000/project/issues?id=si091_reginsa_frontend&issues=AZzie9fjHru0ZB8CW9iI&open=AZzie9fjHru0ZB8CW9iI"
"si091_reginsa_frontend","AZzie9fjHru0ZB8CW9iJ","CODE_SMELL","MAJOR","OPEN",,"si091_reginsa_frontend:src/app/layout/app.profilesidebar.component.html","74","Web:AvoidCommentedOutCodeCheck","Remove this commented out code.","5min","5min","alextorres@sunedu.gob.pe","2025-10-15T09:19:37+0000","2026-03-12T14:36:49+0000","unused","http://localhost:9000/project/issues?id=si091_reginsa_frontend&issues=AZzie9fjHru0ZB8CW9iJ&open=AZzie9fjHru0ZB8CW9iJ"
"si091_reginsa_frontend","AZzie9fjHru0ZB8CW9iK","CODE_SMELL","INFO","OPEN",,"si091_reginsa_frontend:src/app/layout/app.profilesidebar.component.html","75","Web:S1135","Complete the task associated to this ""TODO"" comment.","0min","0min","alextorres@sunedu.gob.pe","2025-10-15T09:19:37+0000","2026-03-12T14:36:49+0000","cwe","http://localhost:9000/project/issues?id=si091_reginsa_frontend&issues=AZzie9fjHru0ZB8CW9iK&open=AZzie9fjHru0ZB8CW9iK"
"si091_reginsa_frontend","AZzie9fcHru0ZB8CW9iH","CODE_SMELL","INFO","OPEN",,"si091_reginsa_frontend:src/app/layout/app.profilesidebar.component.ts","18","typescript:S1135","Complete the task associated to this ""TODO"" comment.","0min","0min","alextorres@sunedu.gob.pe","2025-10-15T09:19:37+0000","2026-03-12T14:36:49+0000","cwe","http://localhost:9000/project/issues?id=si091_reginsa_frontend&issues=AZzie9fcHru0ZB8CW9iH&open=AZzie9fcHru0ZB8CW9iH"
"si091_reginsa_frontend","AZzie9fCHru0ZB8CW9iF","CODE_SMELL","MAJOR","OPEN",,"si091_reginsa_frontend:src/app/layout/app.topbar.component.html","12","Web:AvoidCommentedOutCodeCheck","Remove this commented out code.","5min","5min","alextorres@sunedu.gob.pe","2025-10-15T09:19:37+0000","2026-03-12T14:36:49+0000","unused","http://localhost:9000/project/issues?id=si091_reginsa_frontend&issues=AZzie9fCHru0ZB8CW9iF&open=AZzie9fCHru0ZB8CW9iF"
"si091_reginsa_frontend","AZzie9e5Hru0ZB8CW9iA","CODE_SMELL","MAJOR","OPEN",,"si091_reginsa_frontend:src/app/layout/service/app.layout.service.ts","164","typescript:S1854","Remove this useless assignment to variable ""el"".","15min","15min","alextorres@sunedu.gob.pe","2025-10-15T09:19:37+0000","2026-03-12T14:36:49+0000","cwe;unused","http://localhost:9000/project/issues?id=si091_reginsa_frontend&issues=AZzie9e5Hru0ZB8CW9iA&open=AZzie9e5Hru0ZB8CW9iA"
"si091_reginsa_frontend","AZzie9e5Hru0ZB8CW9iB","CODE_SMELL","MAJOR","OPEN",,"si091_reginsa_frontend:src/app/layout/service/app.layout.service.ts","164","typescript:S1121","Extract the assignment of ""el"" from this expression.","5min","5min","alextorres@sunedu.gob.pe","2025-10-15T09:19:37+0000","2026-03-12T14:36:49+0000","cwe;suspicious","http://localhost:9000/project/issues?id=si091_reginsa_frontend&issues=AZzie9e5Hru0ZB8CW9iB&open=AZzie9e5Hru0ZB8CW9iB"
"si091_reginsa_frontend","AZzie9e5Hru0ZB8CW9iC","CODE_SMELL","MAJOR","OPEN",,"si091_reginsa_frontend:src/app/layout/service/app.layout.service.ts","165","typescript:S3358","Extract this nested ternary operation into an independent statement.","5min","5min","alextorres@sunedu.gob.pe","2025-10-15T09:19:37+0000","2026-03-12T14:36:49+0000","confusing","http://localhost:9000/project/issues?id=si091_reginsa_frontend&issues=AZzie9e5Hru0ZB8CW9iC&open=AZzie9e5Hru0ZB8CW9iC"
"si091_reginsa_frontend","AZzie9e5Hru0ZB8CW9iD","CODE_SMELL","MAJOR","OPEN",,"si091_reginsa_frontend:src/app/layout/service/app.layout.service.ts","166","typescript:S1854","Remove this useless assignment to variable ""el"".","15min","15min","alextorres@sunedu.gob.pe","2025-10-15T09:19:37+0000","2026-03-12T14:36:49+0000","cwe;unused","http://localhost:9000/project/issues?id=si091_reginsa_frontend&issues=AZzie9e5Hru0ZB8CW9iD&open=AZzie9e5Hru0ZB8CW9iD"
"si091_reginsa_frontend","AZzie9e5Hru0ZB8CW9iE","CODE_SMELL","MAJOR","OPEN",,"si091_reginsa_frontend:src/app/layout/service/app.layout.service.ts","166","typescript:S1121","Extract the assignment of ""el"" from this expression.","5min","5min","alextorres@sunedu.gob.pe","2025-10-15T09:19:37+0000","2026-03-12T14:36:49+0000","cwe;suspicious","http://localhost:9000/project/issues?id=si091_reginsa_frontend&issues=AZzie9e5Hru0ZB8CW9iE&open=AZzie9e5Hru0ZB8CW9iE"
"si091_reginsa_frontend","AZzie9iYHru0ZB8CW9io","CODE_SMELL","MINOR","OPEN",,"si091_reginsa_frontend:src/app/pipes/email-obfuscation.pipe.ts","12","typescript:S1874","'substr' is deprecated. A legacy feature for browser compatibility","15min","15min","alextorres@sunedu.gob.pe","2025-10-15T09:19:37+0000","2026-03-12T14:36:49+0000","cwe;obsolete","http://localhost:9000/project/issues?id=si091_reginsa_frontend&issues=AZzie9iYHru0ZB8CW9io&open=AZzie9iYHru0ZB8CW9io"
"si091_reginsa_frontend","AZzie9hTHru0ZB8CW9ig","CODE_SMELL","MAJOR","OPEN",,"si091_reginsa_frontend:src/app/services/base.service.ts","157","typescript:S1854","Remove this useless assignment to variable ""headers"".","15min","15min","alextorres@sunedu.gob.pe","2025-10-15T09:19:37+0000","2026-03-12T14:36:49+0000","cwe;unused","http://localhost:9000/project/issues?id=si091_reginsa_frontend&issues=AZzie9hTHru0ZB8CW9ig&open=AZzie9hTHru0ZB8CW9ig"
"si091_reginsa_frontend","AZzie9hIHru0ZB8CW9ib","CODE_SMELL","MAJOR","OPEN",,"si091_reginsa_frontend:src/app/services/security/authentication.service.ts","38","typescript:S125","Remove this commented out code.","5min","5min","alextorres@sunedu.gob.pe","2025-10-15T09:19:37+0000","2026-03-12T14:36:49+0000","unused","http://localhost:9000/project/issues?id=si091_reginsa_frontend&issues=AZzie9hIHru0ZB8CW9ib&open=AZzie9hIHru0ZB8CW9ib"
"si091_reginsa_frontend","AZzie9hIHru0ZB8CW9ic","CODE_SMELL","MAJOR","OPEN",,"si091_reginsa_frontend:src/app/services/security/authentication.service.ts","81","typescript:S125","Remove this commented out code.","5min","5min","alextorres@sunedu.gob.pe","2025-10-15T09:19:37+0000","2026-03-12T14:36:49+0000","unused","http://localhost:9000/project/issues?id=si091_reginsa_frontend&issues=AZzie9hIHru0ZB8CW9ic&open=AZzie9hIHru0ZB8CW9ic"
"si091_reginsa_frontend","AZzie9hIHru0ZB8CW9id","CODE_SMELL","MAJOR","OPEN",,"si091_reginsa_frontend:src/app/services/security/authentication.service.ts","86","typescript:S125","Remove this commented out code.","5min","5min","alextorres@sunedu.gob.pe","2025-10-15T09:19:37+0000","2026-03-12T14:36:49+0000","unused","http://localhost:9000/project/issues?id=si091_reginsa_frontend&issues=AZzie9hIHru0ZB8CW9id&open=AZzie9hIHru0ZB8CW9id"
"si091_reginsa_frontend","AZzie9hIHru0ZB8CW9ie","CODE_SMELL","CRITICAL","OPEN",,"si091_reginsa_frontend:src/app/services/security/authentication.service.ts","94","typescript:S3504","Unexpected var, use let or const instead.","5min","5min","alextorres@sunedu.gob.pe","2025-10-15T09:19:37+0000","2026-03-12T14:36:49+0000","bad-practice;es2015","http://localhost:9000/project/issues?id=si091_reginsa_frontend&issues=AZzie9hIHru0ZB8CW9ie&open=AZzie9hIHru0ZB8CW9ie"
"si091_reginsa_frontend","AZzie9hIHru0ZB8CW9if","CODE_SMELL","MAJOR","OPEN",,"si091_reginsa_frontend:src/app/services/security/authentication.service.ts","136","typescript:S125","Remove this commented out code.","5min","5min","alextorres@sunedu.gob.pe","2025-10-15T09:19:37+0000","2026-03-12T14:36:49+0000","unused","http://localhost:9000/project/issues?id=si091_reginsa_frontend&issues=AZzie9hIHru0ZB8CW9if&open=AZzie9hIHru0ZB8CW9if"
"si091_reginsa_frontend","AZzie9g2Hru0ZB8CW9iQ","CODE_SMELL","CRITICAL","OPEN",,"si091_reginsa_frontend:src/app/services/security/encryption.service.ts","17","typescript:S1186","Unexpected empty constructor.","5min","5min","alextorres@sunedu.gob.pe","2025-10-15T09:19:37+0000","2026-03-12T14:36:49+0000","suspicious","http://localhost:9000/project/issues?id=si091_reginsa_frontend&issues=AZzie9g2Hru0ZB8CW9iQ&open=AZzie9g2Hru0ZB8CW9iQ"
"si091_reginsa_frontend","AZzie9g8Hru0ZB8CW9iR","CODE_SMELL","CRITICAL","OPEN",,"si091_reginsa_frontend:src/app/services/security/global.service.ts","56","typescript:S3504","Unexpected var, use let or const instead.","5min","5min","alextorres@sunedu.gob.pe","2025-10-15T09:19:37+0000","2026-03-12T14:36:49+0000","bad-practice;es2015","http://localhost:9000/project/issues?id=si091_reginsa_frontend&issues=AZzie9g8Hru0ZB8CW9iR&open=AZzie9g8Hru0ZB8CW9iR"
"si091_reginsa_frontend","AZzie9g8Hru0ZB8CW9iS","CODE_SMELL","CRITICAL","OPEN",,"si091_reginsa_frontend:src/app/services/security/global.service.ts","57","typescript:S3504","Unexpected var, use let or const instead.","5min","5min","alextorres@sunedu.gob.pe","2025-10-15T09:19:37+0000","2026-03-12T14:36:49+0000","bad-practice;es2015","http://localhost:9000/project/issues?id=si091_reginsa_frontend&issues=AZzie9g8Hru0ZB8CW9iS&open=AZzie9g8Hru0ZB8CW9iS"
"si091_reginsa_frontend","AZzie9g8Hru0ZB8CW9iT","CODE_SMELL","CRITICAL","OPEN",,"si091_reginsa_frontend:src/app/services/security/global.service.ts","58","typescript:S3504","Unexpected var, use let or const instead.","5min","5min","alextorres@sunedu.gob.pe","2025-10-15T09:19:37+0000","2026-03-12T14:36:49+0000","bad-practice;es2015","http://localhost:9000/project/issues?id=si091_reginsa_frontend&issues=AZzie9g8Hru0ZB8CW9iT&open=AZzie9g8Hru0ZB8CW9iT"
"si091_reginsa_frontend","AZzie9g8Hru0ZB8CW9iU","CODE_SMELL","MINOR","OPEN",,"si091_reginsa_frontend:src/app/services/security/global.service.ts","59","typescript:S4138","Expected a `for-of` loop instead of a `for` loop with this simple iteration.","5min","5min","alextorres@sunedu.gob.pe","2025-10-15T09:19:37+0000","2026-03-12T14:36:49+0000","clumsy","http://localhost:9000/project/issues?id=si091_reginsa_frontend&issues=AZzie9g8Hru0ZB8CW9iU&open=AZzie9g8Hru0ZB8CW9iU"
"si091_reginsa_frontend","AZzie9g8Hru0ZB8CW9iV","CODE_SMELL","CRITICAL","OPEN",,"si091_reginsa_frontend:src/app/services/security/global.service.ts","59","typescript:S3504","Unexpected var, use let or const instead.","5min","5min","alextorres@sunedu.gob.pe","2025-10-15T09:19:37+0000","2026-03-12T14:36:49+0000","bad-practice;es2015","http://localhost:9000/project/issues?id=si091_reginsa_frontend&issues=AZzie9g8Hru0ZB8CW9iV&open=AZzie9g8Hru0ZB8CW9iV"
"si091_reginsa_frontend","AZzie9g8Hru0ZB8CW9iW","CODE_SMELL","CRITICAL","OPEN",,"si091_reginsa_frontend:src/app/services/security/global.service.ts","60","typescript:S3504","Unexpected var, use let or const instead.","5min","5min","alextorres@sunedu.gob.pe","2025-10-15T09:19:37+0000","2026-03-12T14:36:49+0000","bad-practice;es2015","http://localhost:9000/project/issues?id=si091_reginsa_frontend&issues=AZzie9g8Hru0ZB8CW9iW&open=AZzie9g8Hru0ZB8CW9iW"
"si091_reginsa_frontend","AZzie9g8Hru0ZB8CW9iX","CODE_SMELL","CRITICAL","OPEN",,"si091_reginsa_frontend:src/app/services/security/global.service.ts","73","typescript:S3504","Unexpected var, use let or const instead.","5min","5min","alextorres@sunedu.gob.pe","2025-10-15T09:19:37+0000","2026-03-12T14:36:49+0000","bad-practice;es2015","http://localhost:9000/project/issues?id=si091_reginsa_frontend&issues=AZzie9g8Hru0ZB8CW9iX&open=AZzie9g8Hru0ZB8CW9iX"
"si091_reginsa_frontend","AZzie9g8Hru0ZB8CW9iY","CODE_SMELL","CRITICAL","OPEN",,"si091_reginsa_frontend:src/app/services/security/global.service.ts","74","typescript:S3504","Unexpected var, use let or const instead.","5min","5min","alextorres@sunedu.gob.pe","2025-10-15T09:19:37+0000","2026-03-12T14:36:49+0000","bad-practice;es2015","http://localhost:9000/project/issues?id=si091_reginsa_frontend&issues=AZzie9g8Hru0ZB8CW9iY&open=AZzie9g8Hru0ZB8CW9iY"
"si091_reginsa_frontend","AZzie9g8Hru0ZB8CW9iZ","CODE_SMELL","CRITICAL","OPEN",,"si091_reginsa_frontend:src/app/services/security/global.service.ts","75","typescript:S3504","Unexpected var, use let or const instead.","5min","5min","alextorres@sunedu.gob.pe","2025-10-15T09:19:37+0000","2026-03-12T14:36:49+0000","bad-practice;es2015","http://localhost:9000/project/issues?id=si091_reginsa_frontend&issues=AZzie9g8Hru0ZB8CW9iZ&open=AZzie9g8Hru0ZB8CW9iZ"
"si091_reginsa_frontend","AZzie9g8Hru0ZB8CW9ia","CODE_SMELL","CRITICAL","OPEN",,"si091_reginsa_frontend:src/app/services/security/global.service.ts","77","typescript:S3504","Unexpected var, use let or const instead.","5min","5min","alextorres@sunedu.gob.pe","2025-10-15T09:19:37+0000","2026-03-12T14:36:49+0000","bad-practice;es2015","http://localhost:9000/project/issues?id=si091_reginsa_frontend&issues=AZzie9g8Hru0ZB8CW9ia&open=AZzie9g8Hru0ZB8CW9ia"
"si091_reginsa_frontend","AZzie9gwHru0ZB8CW9iP","CODE_SMELL","CRITICAL","OPEN",,"si091_reginsa_frontend:src/app/services/sweetaltert2.service.ts","7","typescript:S1186","Unexpected empty constructor.","5min","5min","alextorres@sunedu.gob.pe","2025-10-15T09:19:37+0000","2026-03-12T14:36:49+0000","suspicious","http://localhost:9000/project/issues?id=si091_reginsa_frontend&issues=AZzie9gwHru0ZB8CW9iP&open=AZzie9gwHru0ZB8CW9iP"
"si091_reginsa_frontend","AZzie9a0Hru0ZB8CW9gi","CODE_SMELL","MAJOR","OPEN",,"si091_reginsa_frontend:src/assets/layout/styles/layout/_sidebar_drawer.scss","53","css:S4666","Unexpected duplicate selector "".layout-container.layout-drawer .layout-sidebar .layout-menu-container"", first used at line 17","1min","1min","alextorres@sunedu.gob.pe","2025-10-15T09:19:37+0000","2026-03-12T14:36:49+0000","","http://localhost:9000/project/issues?id=si091_reginsa_frontend&issues=AZzie9a0Hru0ZB8CW9gi&open=AZzie9a0Hru0ZB8CW9gi"
"si091_reginsa_frontend","AZzie9anHru0ZB8CW9gh","CODE_SMELL","MAJOR","OPEN",,"si091_reginsa_frontend:src/assets/layout/styles/layout/layout.css","727","css:S4666","Unexpected duplicate selector "".layout-container.layout-drawer .layout-sidebar .layout-menu-container"", first used at line 699","1min","1min","alextorres@sunedu.gob.pe","2025-10-15T09:19:37+0000","2026-03-12T14:36:49+0000","","http://localhost:9000/project/issues?id=si091_reginsa_frontend&issues=AZzie9anHru0ZB8CW9gh&open=AZzie9anHru0ZB8CW9gh"
"si091_reginsa_frontend","AZzie9ZzHru0ZB8CW9gc","BUG","MAJOR","OPEN",,"si091_reginsa_frontend:src/assets/layout/styles/theme/extensions/_fullcalendar.scss","70","css:S4649","Unexpected missing generic font family","1min","1min","alextorres@sunedu.gob.pe","2025-10-15T09:19:37+0000","2026-03-12T14:36:49+0000","","http://localhost:9000/project/issues?id=si091_reginsa_frontend&issues=AZzie9ZzHru0ZB8CW9gc&open=AZzie9ZzHru0ZB8CW9gc"
"si091_reginsa_frontend","AZzie9ZzHru0ZB8CW9gd","BUG","MAJOR","OPEN",,"si091_reginsa_frontend:src/assets/layout/styles/theme/extensions/_fullcalendar.scss","77","css:S4649","Unexpected missing generic font family","1min","1min","alextorres@sunedu.gob.pe","2025-10-15T09:19:37+0000","2026-03-12T14:36:49+0000","","http://localhost:9000/project/issues?id=si091_reginsa_frontend&issues=AZzie9ZzHru0ZB8CW9gd&open=AZzie9ZzHru0ZB8CW9gd"
"si091_reginsa_frontend","AZzie9ZzHru0ZB8CW9ge","BUG","MAJOR","OPEN",,"si091_reginsa_frontend:src/assets/layout/styles/theme/extensions/_fullcalendar.scss","176","css:S4649","Unexpected missing generic font family","1min","1min","alextorres@sunedu.gob.pe","2025-10-15T09:19:37+0000","2026-03-12T14:36:49+0000","","http://localhost:9000/project/issues?id=si091_reginsa_frontend&issues=AZzie9ZzHru0ZB8CW9ge&open=AZzie9ZzHru0ZB8CW9ge"
"si091_reginsa_frontend","AZzie9ZzHru0ZB8CW9gf","BUG","MAJOR","OPEN",,"si091_reginsa_frontend:src/assets/layout/styles/theme/extensions/_fullcalendar.scss","254","css:S4649","Unexpected missing generic font family","1min","1min","alextorres@sunedu.gob.pe","2025-10-15T09:19:37+0000","2026-03-12T14:36:49+0000","","http://localhost:9000/project/issues?id=si091_reginsa_frontend&issues=AZzie9ZzHru0ZB8CW9gf&open=AZzie9ZzHru0ZB8CW9gf"
"si091_reginsa_frontend","AZzie9ZzHru0ZB8CW9gg","BUG","MAJOR","OPEN",,"si091_reginsa_frontend:src/assets/layout/styles/theme/extensions/_fullcalendar.scss","261","css:S4649","Unexpected missing generic font family","1min","1min","alextorres@sunedu.gob.pe","2025-10-15T09:19:37+0000","2026-03-12T14:36:49+0000","","http://localhost:9000/project/issues?id=si091_reginsa_frontend&issues=AZzie9ZzHru0ZB8CW9gg&open=AZzie9ZzHru0ZB8CW9gg"
"si091_reginsa_frontend","AZzie9QaHru0ZB8CW9cr","CODE_SMELL","MAJOR","OPEN",,"si091_reginsa_frontend:src/assets/layout/styles/theme/theme-base/_common.scss","57","css:S4666","Unexpected duplicate selector "".p-component-overlay"", first used at line 12","1min","1min","alextorres@sunedu.gob.pe","2025-10-15T09:19:37+0000","2026-03-12T14:36:49+0000","","http://localhost:9000/project/issues?id=si091_reginsa_frontend&issues=AZzie9QaHru0ZB8CW9cr&open=AZzie9QaHru0ZB8CW9cr"
"si091_reginsa_frontend","AZzie9HVHru0ZB8CW9ci","CODE_SMELL","MAJOR","OPEN",,"si091_reginsa_frontend:src/assets/layout/styles/theme/theme-base/components/data/_organizationchart.scss","34","css:S4666","Unexpected duplicate selector "".p-organizationchart .p-organizationchart-node-content"", first used at line 2","1min","1min","alextorres@sunedu.gob.pe","2025-10-15T09:19:37+0000","2026-03-12T14:36:49+0000","","http://localhost:9000/project/issues?id=si091_reginsa_frontend&issues=AZzie9HVHru0ZB8CW9ci&open=AZzie9HVHru0ZB8CW9ci"
"si091_reginsa_frontend","AZzie9N5Hru0ZB8CW9cm","CODE_SMELL","MAJOR","OPEN",,"si091_reginsa_frontend:src/assets/layout/styles/theme/theme-base/components/input/_inputnumber.scss","16","css:S4666","Unexpected duplicate selector ""p-inputnumber.p-inputnumber-clearable"", first used at line 5","1min","1min","alextorres@sunedu.gob.pe","2025-10-15T09:19:37+0000","2026-03-12T14:36:49+0000","","http://localhost:9000/project/issues?id=si091_reginsa_frontend&issues=AZzie9N5Hru0ZB8CW9cm&open=AZzie9N5Hru0ZB8CW9cm"
"si091_reginsa_frontend","AZzie9NOHru0ZB8CW9cj","CODE_SMELL","MAJOR","OPEN",,"si091_reginsa_frontend:src/assets/layout/styles/theme/theme-base/components/input/_inputswitch.scss","41","css:S4666","Unexpected duplicate selector "".p-inputswitch.p-inputswitch-checked"", first used at line 23","1min","1min","alextorres@sunedu.gob.pe","2025-10-15T09:19:37+0000","2026-03-12T14:36:49+0000","","http://localhost:9000/project/issues?id=si091_reginsa_frontend&issues=AZzie9NOHru0ZB8CW9cj&open=AZzie9NOHru0ZB8CW9cj"
"si091_reginsa_frontend","AZzie9NOHru0ZB8CW9ck","CODE_SMELL","MAJOR","OPEN",,"si091_reginsa_frontend:src/assets/layout/styles/theme/theme-base/components/input/_inputswitch.scss","45","css:S4666","Unexpected duplicate selector "".p-inputswitch.p-inputswitch-checked .p-inputswitch-slider:before"", first used at line 24","1min","1min","alextorres@sunedu.gob.pe","2025-10-15T09:19:37+0000","2026-03-12T14:36:49+0000","","http://localhost:9000/project/issues?id=si091_reginsa_frontend&issues=AZzie9NOHru0ZB8CW9ck&open=AZzie9NOHru0ZB8CW9ck"
"si091_reginsa_frontend","AZzie9NfHru0ZB8CW9cl","CODE_SMELL","MINOR","OPEN",,"si091_reginsa_frontend:src/assets/layout/styles/theme/theme-base/components/input/_inputtext.scss","72","css:S1116","Unexpected extra semicolon","2min","2min","alextorres@sunedu.gob.pe","2025-10-15T09:19:37+0000","2026-03-12T14:36:49+0000","unused","http://localhost:9000/project/issues?id=si091_reginsa_frontend&issues=AZzie9NfHru0ZB8CW9cl&open=AZzie9NfHru0ZB8CW9cl"
"si091_reginsa_frontend","AZzie9PCHru0ZB8CW9cq","CODE_SMELL","MAJOR","OPEN",,"si091_reginsa_frontend:src/assets/layout/styles/theme/theme-base/components/menu/_menubar.scss","125","css:S4666","Unexpected duplicate selector "".p-menubar .p-menubar-root-list .p-menuitem"", first used at line 78","1min","1min","alextorres@sunedu.gob.pe","2025-10-15T09:19:37+0000","2026-03-12T14:36:49+0000","","http://localhost:9000/project/issues?id=si091_reginsa_frontend&issues=AZzie9PCHru0ZB8CW9cq&open=AZzie9PCHru0ZB8CW9cq"
"si091_reginsa_frontend","AZzie9O5Hru0ZB8CW9cp","BUG","MAJOR","OPEN",,"si091_reginsa_frontend:src/assets/layout/styles/theme/theme-base/components/menu/_steps.scss","9","css:S4656","Unexpected duplicate ""background""","1min","1min","alextorres@sunedu.gob.pe","2025-10-15T09:19:37+0000","2026-03-12T14:36:49+0000","","http://localhost:9000/project/issues?id=si091_reginsa_frontend&issues=AZzie9O5Hru0ZB8CW9cp&open=AZzie9O5Hru0ZB8CW9cp"
"si091_reginsa_frontend","AZzie9OlHru0ZB8CW9cn","CODE_SMELL","MAJOR","OPEN",,"si091_reginsa_frontend:src/assets/layout/styles/theme/theme-base/components/misc/_chip.scss","30","css:S4666","Unexpected duplicate selector "".p-chip .pi-chip-remove-icon"", first used at line 19","1min","1min","alextorres@sunedu.gob.pe","2025-10-15T09:19:37+0000","2026-03-12T14:36:49+0000","","http://localhost:9000/project/issues?id=si091_reginsa_frontend&issues=AZzie9OlHru0ZB8CW9cn&open=AZzie9OlHru0ZB8CW9cn"
"si091_reginsa_frontend","AZzie9SjHru0ZB8CW9dQ","CODE_SMELL","MAJOR","OPEN",,"si091_reginsa_frontend:src/assets/layout/styles/theme/theme-dark/blue/theme.css","55","css:S4666","Unexpected duplicate selector "":root"", first used at line 1","1min","1min","alextorres@sunedu.gob.pe","2025-10-15T09:19:37+0000","2026-03-12T14:36:49+0000","","http://localhost:9000/project/issues?id=si091_reginsa_frontend&issues=AZzie9SjHru0ZB8CW9dQ&open=AZzie9SjHru0ZB8CW9dQ"
"si091_reginsa_frontend","AZzie9SjHru0ZB8CW9dR","CODE_SMELL","MAJOR","OPEN",,"si091_reginsa_frontend:src/assets/layout/styles/theme/theme-dark/blue/theme.css","1202","css:S4666","Unexpected duplicate selector "".p-inputswitch.p-inputswitch-checked .p-inputswitch-slider:before"", first used at line 1188","1min","1min","alextorres@sunedu.gob.pe","2025-10-15T09:19:37+0000","2026-03-12T14:36:49+0000","","http://localhost:9000/project/issues?id=si091_reginsa_frontend&issues=AZzie9SjHru0ZB8CW9dR&open=AZzie9SjHru0ZB8CW9dR"
"si091_reginsa_frontend","AZzie9SjHru0ZB8CW9dS","CODE_SMELL","MAJOR","OPEN",,"si091_reginsa_frontend:src/assets/layout/styles/theme/theme-dark/blue/theme.css","5165","css:S4666","Unexpected duplicate selector "".p-menubar .p-menubar-root-list .p-menuitem"", first used at line 5141","1min","1min","alextorres@sunedu.gob.pe","2025-10-15T09:19:37+0000","2026-03-12T14:36:49+0000","","http://localhost:9000/project/issues?id=si091_reginsa_frontend&issues=AZzie9SjHru0ZB8CW9dS&open=AZzie9SjHru0ZB8CW9dS"
"si091_reginsa_frontend","AZzie9SjHru0ZB8CW9dK","BUG","MAJOR","OPEN",,"si091_reginsa_frontend:src/assets/layout/styles/theme/theme-dark/blue/theme.css","5439","css:S4656","Unexpected duplicate ""background""","1min","1min","alextorres@sunedu.gob.pe","2025-10-15T09:19:37+0000","2026-03-12T14:36:49+0000","","http://localhost:9000/project/issues?id=si091_reginsa_frontend&issues=AZzie9SjHru0ZB8CW9dK&open=AZzie9SjHru0ZB8CW9dK"
"si091_reginsa_frontend","AZzie9SjHru0ZB8CW9dT","CODE_SMELL","MAJOR","OPEN",,"si091_reginsa_frontend:src/assets/layout/styles/theme/theme-dark/blue/theme.css","6113","css:S4666","Unexpected duplicate selector "".p-chip .pi-chip-remove-icon"", first used at line 6104","1min","1min","alextorres@sunedu.gob.pe","2025-10-15T09:19:37+0000","2026-03-12T14:36:49+0000","","http://localhost:9000/project/issues?id=si091_reginsa_frontend&issues=AZzie9SjHru0ZB8CW9dT&open=AZzie9SjHru0ZB8CW9dT"
"si091_reginsa_frontend","AZzie9SjHru0ZB8CW9dL","BUG","MAJOR","OPEN",,"si091_reginsa_frontend:src/assets/layout/styles/theme/theme-dark/blue/theme.css","6364","css:S4649","Unexpected missing generic font family","1min","1min","alextorres@sunedu.gob.pe","2025-10-15T09:19:37+0000","2026-03-12T14:36:49+0000","","http://localhost:9000/project/issues?id=si091_reginsa_frontend&issues=AZzie9SjHru0ZB8CW9dL&open=AZzie9SjHru0ZB8CW9dL"
"si091_reginsa_frontend","AZzie9SjHru0ZB8CW9dM","BUG","MAJOR","OPEN",,"si091_reginsa_frontend:src/assets/layout/styles/theme/theme-dark/blue/theme.css","6372","css:S4649","Unexpected missing generic font family","1min","1min","alextorres@sunedu.gob.pe","2025-10-15T09:19:37+0000","2026-03-12T14:36:49+0000","","http://localhost:9000/project/issues?id=si091_reginsa_frontend&issues=AZzie9SjHru0ZB8CW9dM&open=AZzie9SjHru0ZB8CW9dM"
"si091_reginsa_frontend","AZzie9SjHru0ZB8CW9dN","BUG","MAJOR","OPEN",,"si091_reginsa_frontend:src/assets/layout/styles/theme/theme-dark/blue/theme.css","6453","css:S4649","Unexpected missing generic font family","1min","1min","alextorres@sunedu.gob.pe","2025-10-15T09:19:37+0000","2026-03-12T14:36:49+0000","","http://localhost:9000/project/issues?id=si091_reginsa_frontend&issues=AZzie9SjHru0ZB8CW9dN&open=AZzie9SjHru0ZB8CW9dN"
"si091_reginsa_frontend","AZzie9SjHru0ZB8CW9dO","BUG","MAJOR","OPEN",,"si091_reginsa_frontend:src/assets/layout/styles/theme/theme-dark/blue/theme.css","6532","css:S4649","Unexpected missing generic font family","1min","1min","alextorres@sunedu.gob.pe","2025-10-15T09:19:37+0000","2026-03-12T14:36:49+0000","","http://localhost:9000/project/issues?id=si091_reginsa_frontend&issues=AZzie9SjHru0ZB8CW9dO&open=AZzie9SjHru0ZB8CW9dO"
"si091_reginsa_frontend","AZzie9SjHru0ZB8CW9dP","BUG","MAJOR","OPEN",,"si091_reginsa_frontend:src/assets/layout/styles/theme/theme-dark/blue/theme.css","6540","css:S4649","Unexpected missing generic font family","1min","1min","alextorres@sunedu.gob.pe","2025-10-15T09:19:37+0000","2026-03-12T14:36:49+0000","","http://localhost:9000/project/issues?id=si091_reginsa_frontend&issues=AZzie9SjHru0ZB8CW9dP&open=AZzie9SjHru0ZB8CW9dP"
"si091_reginsa_frontend","AZzie9RLHru0ZB8CW9cy","CODE_SMELL","MAJOR","OPEN",,"si091_reginsa_frontend:src/assets/layout/styles/theme/theme-dark/cyan/theme.css","55","css:S4666","Unexpected duplicate selector "":root"", first used at line 1","1min","1min","alextorres@sunedu.gob.pe","2025-10-15T09:19:37+0000","2026-03-12T14:36:49+0000","","http://localhost:9000/project/issues?id=si091_reginsa_frontend&issues=AZzie9RLHru0ZB8CW9cy&open=AZzie9RLHru0ZB8CW9cy"
"si091_reginsa_frontend","AZzie9RLHru0ZB8CW9cz","CODE_SMELL","MAJOR","OPEN",,"si091_reginsa_frontend:src/assets/layout/styles/theme/theme-dark/cyan/theme.css","1202","css:S4666","Unexpected duplicate selector "".p-inputswitch.p-inputswitch-checked .p-inputswitch-slider:before"", first used at line 1188","1min","1min","alextorres@sunedu.gob.pe","2025-10-15T09:19:37+0000","2026-03-12T14:36:49+0000","","http://localhost:9000/project/issues?id=si091_reginsa_frontend&issues=AZzie9RLHru0ZB8CW9cz&open=AZzie9RLHru0ZB8CW9cz"
"si091_reginsa_frontend","AZzie9RLHru0ZB8CW9c0","CODE_SMELL","MAJOR","OPEN",,"si091_reginsa_frontend:src/assets/layout/styles/theme/theme-dark/cyan/theme.css","5165","css:S4666","Unexpected duplicate selector "".p-menubar .p-menubar-root-list .p-menuitem"", first used at line 5141","1min","1min","alextorres@sunedu.gob.pe","2025-10-15T09:19:37+0000","2026-03-12T14:36:49+0000","","http://localhost:9000/project/issues?id=si091_reginsa_frontend&issues=AZzie9RLHru0ZB8CW9c0&open=AZzie9RLHru0ZB8CW9c0"
"si091_reginsa_frontend","AZzie9RLHru0ZB8CW9cs","BUG","MAJOR","OPEN",,"si091_reginsa_frontend:src/assets/layout/styles/theme/theme-dark/cyan/theme.css","5439","css:S4656","Unexpected duplicate ""background""","1min","1min","alextorres@sunedu.gob.pe","2025-10-15T09:19:37+0000","2026-03-12T14:36:49+0000","","http://localhost:9000/project/issues?id=si091_reginsa_frontend&issues=AZzie9RLHru0ZB8CW9cs&open=AZzie9RLHru0ZB8CW9cs"
"si091_reginsa_frontend","AZzie9RLHru0ZB8CW9c1","CODE_SMELL","MAJOR","OPEN",,"si091_reginsa_frontend:src/assets/layout/styles/theme/theme-dark/cyan/theme.css","6113","css:S4666","Unexpected duplicate selector "".p-chip .pi-chip-remove-icon"", first used at line 6104","1min","1min","alextorres@sunedu.gob.pe","2025-10-15T09:19:37+0000","2026-03-12T14:36:49+0000","","http://localhost:9000/project/issues?id=si091_reginsa_frontend&issues=AZzie9RLHru0ZB8CW9c1&open=AZzie9RLHru0ZB8CW9c1"
"si091_reginsa_frontend","AZzie9RLHru0ZB8CW9ct","BUG","MAJOR","OPEN",,"si091_reginsa_frontend:src/assets/layout/styles/theme/theme-dark/cyan/theme.css","6364","css:S4649","Unexpected missing generic font family","1min","1min","alextorres@sunedu.gob.pe","2025-10-15T09:19:37+0000","2026-03-12T14:36:49+0000","","http://localhost:9000/project/issues?id=si091_reginsa_frontend&issues=AZzie9RLHru0ZB8CW9ct&open=AZzie9RLHru0ZB8CW9ct"
"si091_reginsa_frontend","AZzie9RLHru0ZB8CW9cu","BUG","MAJOR","OPEN",,"si091_reginsa_frontend:src/assets/layout/styles/theme/theme-dark/cyan/theme.css","6372","css:S4649","Unexpected missing generic font family","1min","1min","alextorres@sunedu.gob.pe","2025-10-15T09:19:37+0000","2026-03-12T14:36:49+0000","","http://localhost:9000/project/issues?id=si091_reginsa_frontend&issues=AZzie9RLHru0ZB8CW9cu&open=AZzie9RLHru0ZB8CW9cu"
"si091_reginsa_frontend","AZzie9RLHru0ZB8CW9cv","BUG","MAJOR","OPEN",,"si091_reginsa_frontend:src/assets/layout/styles/theme/theme-dark/cyan/theme.css","6453","css:S4649","Unexpected missing generic font family","1min","1min","alextorres@sunedu.gob.pe","2025-10-15T09:19:37+0000","2026-03-12T14:36:49+0000","","http://localhost:9000/project/issues?id=si091_reginsa_frontend&issues=AZzie9RLHru0ZB8CW9cv&open=AZzie9RLHru0ZB8CW9cv"
"si091_reginsa_frontend","AZzie9RLHru0ZB8CW9cw","BUG","MAJOR","OPEN",,"si091_reginsa_frontend:src/assets/layout/styles/theme/theme-dark/cyan/theme.css","6532","css:S4649","Unexpected missing generic font family","1min","1min","alextorres@sunedu.gob.pe","2025-10-15T09:19:37+0000","2026-03-12T14:36:49+0000","","http://localhost:9000/project/issues?id=si091_reginsa_frontend&issues=AZzie9RLHru0ZB8CW9cw&open=AZzie9RLHru0ZB8CW9cw"
"si091_reginsa_frontend","AZzie9RLHru0ZB8CW9cx","BUG","MAJOR","OPEN",,"si091_reginsa_frontend:src/assets/layout/styles/theme/theme-dark/cyan/theme.css","6540","css:S4649","Unexpected missing generic font family","1min","1min","alextorres@sunedu.gob.pe","2025-10-15T09:19:37+0000","2026-03-12T14:36:49+0000","","http://localhost:9000/project/issues?id=si091_reginsa_frontend&issues=AZzie9RLHru0ZB8CW9cx&open=AZzie9RLHru0ZB8CW9cx"
"si091_reginsa_frontend","AZzie9UIHru0ZB8CW9du","CODE_SMELL","MAJOR","OPEN",,"si091_reginsa_frontend:src/assets/layout/styles/theme/theme-dark/green/theme.css","55","css:S4666","Unexpected duplicate selector "":root"", first used at line 1","1min","1min","alextorres@sunedu.gob.pe","2025-10-15T09:19:37+0000","2026-03-12T14:36:49+0000","","http://localhost:9000/project/issues?id=si091_reginsa_frontend&issues=AZzie9UIHru0ZB8CW9du&open=AZzie9UIHru0ZB8CW9du"
"si091_reginsa_frontend","AZzie9UIHru0ZB8CW9dv","CODE_SMELL","MAJOR","OPEN",,"si091_reginsa_frontend:src/assets/layout/styles/theme/theme-dark/green/theme.css","1202","css:S4666","Unexpected duplicate selector "".p-inputswitch.p-inputswitch-checked .p-inputswitch-slider:before"", first used at line 1188","1min","1min","alextorres@sunedu.gob.pe","2025-10-15T09:19:37+0000","2026-03-12T14:36:49+0000","","http://localhost:9000/project/issues?id=si091_reginsa_frontend&issues=AZzie9UIHru0ZB8CW9dv&open=AZzie9UIHru0ZB8CW9dv"
"si091_reginsa_frontend","AZzie9UIHru0ZB8CW9dw","CODE_SMELL","MAJOR","OPEN",,"si091_reginsa_frontend:src/assets/layout/styles/theme/theme-dark/green/theme.css","5165","css:S4666","Unexpected duplicate selector "".p-menubar .p-menubar-root-list .p-menuitem"", first used at line 5141","1min","1min","alextorres@sunedu.gob.pe","2025-10-15T09:19:37+0000","2026-03-12T14:36:49+0000","","http://localhost:9000/project/issues?id=si091_reginsa_frontend&issues=AZzie9UIHru0ZB8CW9dw&open=AZzie9UIHru0ZB8CW9dw"
"si091_reginsa_frontend","AZzie9UIHru0ZB8CW9do","BUG","MAJOR","OPEN",,"si091_reginsa_frontend:src/assets/layout/styles/theme/theme-dark/green/theme.css","5439","css:S4656","Unexpected duplicate ""background""","1min","1min","alextorres@sunedu.gob.pe","2025-10-15T09:19:37+0000","2026-03-12T14:36:49+0000","","http://localhost:9000/project/issues?id=si091_reginsa_frontend&issues=AZzie9UIHru0ZB8CW9do&open=AZzie9UIHru0ZB8CW9do"
"si091_reginsa_frontend","AZzie9UIHru0ZB8CW9dx","CODE_SMELL","MAJOR","OPEN",,"si091_reginsa_frontend:src/assets/layout/styles/theme/theme-dark/green/theme.css","6113","css:S4666","Unexpected duplicate selector "".p-chip .pi-chip-remove-icon"", first used at line 6104","1min","1min","alextorres@sunedu.gob.pe","2025-10-15T09:19:37+0000","2026-03-12T14:36:49+0000","","http://localhost:9000/project/issues?id=si091_reginsa_frontend&issues=AZzie9UIHru0ZB8CW9dx&open=AZzie9UIHru0ZB8CW9dx"
"si091_reginsa_frontend","AZzie9UIHru0ZB8CW9dp","BUG","MAJOR","OPEN",,"si091_reginsa_frontend:src/assets/layout/styles/theme/theme-dark/green/theme.css","6364","css:S4649","Unexpected missing generic font family","1min","1min","alextorres@sunedu.gob.pe","2025-10-15T09:19:37+0000","2026-03-12T14:36:49+0000","","http://localhost:9000/project/issues?id=si091_reginsa_frontend&issues=AZzie9UIHru0ZB8CW9dp&open=AZzie9UIHru0ZB8CW9dp"
"si091_reginsa_frontend","AZzie9UIHru0ZB8CW9dq","BUG","MAJOR","OPEN",,"si091_reginsa_frontend:src/assets/layout/styles/theme/theme-dark/green/theme.css","6372","css:S4649","Unexpected missing generic font family","1min","1min","alextorres@sunedu.gob.pe","2025-10-15T09:19:37+0000","2026-03-12T14:36:49+0000","","http://localhost:9000/project/issues?id=si091_reginsa_frontend&issues=AZzie9UIHru0ZB8CW9dq&open=AZzie9UIHru0ZB8CW9dq"
"si091_reginsa_frontend","AZzie9UIHru0ZB8CW9dr","BUG","MAJOR","OPEN",,"si091_reginsa_frontend:src/assets/layout/styles/theme/theme-dark/green/theme.css","6453","css:S4649","Unexpected missing generic font family","1min","1min","alextorres@sunedu.gob.pe","2025-10-15T09:19:37+0000","2026-03-12T14:36:49+0000","","http://localhost:9000/project/issues?id=si091_reginsa_frontend&issues=AZzie9UIHru0ZB8CW9dr&open=AZzie9UIHru0ZB8CW9dr"
"si091_reginsa_frontend","AZzie9UIHru0ZB8CW9ds","BUG","MAJOR","OPEN",,"si091_reginsa_frontend:src/assets/layout/styles/theme/theme-dark/green/theme.css","6532","css:S4649","Unexpected missing generic font family","1min","1min","alextorres@sunedu.gob.pe","2025-10-15T09:19:37+0000","2026-03-12T14:36:49+0000","","http://localhost:9000/project/issues?id=si091_reginsa_frontend&issues=AZzie9UIHru0ZB8CW9ds&open=AZzie9UIHru0ZB8CW9ds"
"si091_reginsa_frontend","AZzie9UIHru0ZB8CW9dt","BUG","MAJOR","OPEN",,"si091_reginsa_frontend:src/assets/layout/styles/theme/theme-dark/green/theme.css","6540","css:S4649","Unexpected missing generic font family","1min","1min","alextorres@sunedu.gob.pe","2025-10-15T09:19:37+0000","2026-03-12T14:36:49+0000","","http://localhost:9000/project/issues?id=si091_reginsa_frontend&issues=AZzie9UIHru0ZB8CW9dt&open=AZzie9UIHru0ZB8CW9dt"
"si091_reginsa_frontend","AZzie9TTHru0ZB8CW9dk","CODE_SMELL","MAJOR","OPEN",,"si091_reginsa_frontend:src/assets/layout/styles/theme/theme-dark/indigo/theme.css","55","css:S4666","Unexpected duplicate selector "":root"", first used at line 1","1min","1min","alextorres@sunedu.gob.pe","2025-10-15T09:19:37+0000","2026-03-12T14:36:49+0000","","http://localhost:9000/project/issues?id=si091_reginsa_frontend&issues=AZzie9TTHru0ZB8CW9dk&open=AZzie9TTHru0ZB8CW9dk"
"si091_reginsa_frontend","AZzie9TTHru0ZB8CW9dl","CODE_SMELL","MAJOR","OPEN",,"si091_reginsa_frontend:src/assets/layout/styles/theme/theme-dark/indigo/theme.css","1202","css:S4666","Unexpected duplicate selector "".p-inputswitch.p-inputswitch-checked .p-inputswitch-slider:before"", first used at line 1188","1min","1min","alextorres@sunedu.gob.pe","2025-10-15T09:19:37+0000","2026-03-12T14:36:49+0000","","http://localhost:9000/project/issues?id=si091_reginsa_frontend&issues=AZzie9TTHru0ZB8CW9dl&open=AZzie9TTHru0ZB8CW9dl"
"si091_reginsa_frontend","AZzie9TTHru0ZB8CW9dm","CODE_SMELL","MAJOR","OPEN",,"si091_reginsa_frontend:src/assets/layout/styles/theme/theme-dark/indigo/theme.css","5165","css:S4666","Unexpected duplicate selector "".p-menubar .p-menubar-root-list .p-menuitem"", first used at line 5141","1min","1min","alextorres@sunedu.gob.pe","2025-10-15T09:19:37+0000","2026-03-12T14:36:49+0000","","http://localhost:9000/project/issues?id=si091_reginsa_frontend&issues=AZzie9TTHru0ZB8CW9dm&open=AZzie9TTHru0ZB8CW9dm"
"si091_reginsa_frontend","AZzie9TSHru0ZB8CW9de","BUG","MAJOR","OPEN",,"si091_reginsa_frontend:src/assets/layout/styles/theme/theme-dark/indigo/theme.css","5439","css:S4656","Unexpected duplicate ""background""","1min","1min","alextorres@sunedu.gob.pe","2025-10-15T09:19:37+0000","2026-03-12T14:36:49+0000","","http://localhost:9000/project/issues?id=si091_reginsa_frontend&issues=AZzie9TSHru0ZB8CW9de&open=AZzie9TSHru0ZB8CW9de"
"si091_reginsa_frontend","AZzie9TTHru0ZB8CW9dn","CODE_SMELL","MAJOR","OPEN",,"si091_reginsa_frontend:src/assets/layout/styles/theme/theme-dark/indigo/theme.css","6113","css:S4666","Unexpected duplicate selector "".p-chip .pi-chip-remove-icon"", first used at line 6104","1min","1min","alextorres@sunedu.gob.pe","2025-10-15T09:19:37+0000","2026-03-12T14:36:49+0000","","http://localhost:9000/project/issues?id=si091_reginsa_frontend&issues=AZzie9TTHru0ZB8CW9dn&open=AZzie9TTHru0ZB8CW9dn"
"si091_reginsa_frontend","AZzie9TTHru0ZB8CW9df","BUG","MAJOR","OPEN",,"si091_reginsa_frontend:src/assets/layout/styles/theme/theme-dark/indigo/theme.css","6364","css:S4649","Unexpected missing generic font family","1min","1min","alextorres@sunedu.gob.pe","2025-10-15T09:19:37+0000","2026-03-12T14:36:49+0000","","http://localhost:9000/project/issues?id=si091_reginsa_frontend&issues=AZzie9TTHru0ZB8CW9df&open=AZzie9TTHru0ZB8CW9df"
"si091_reginsa_frontend","AZzie9TTHru0ZB8CW9dg","BUG","MAJOR","OPEN",,"si091_reginsa_frontend:src/assets/layout/styles/theme/theme-dark/indigo/theme.css","6372","css:S4649","Unexpected missing generic font family","1min","1min","alextorres@sunedu.gob.pe","2025-10-15T09:19:37+0000","2026-03-12T14:36:49+0000","","http://localhost:9000/project/issues?id=si091_reginsa_frontend&issues=AZzie9TTHru0ZB8CW9dg&open=AZzie9TTHru0ZB8CW9dg"
"si091_reginsa_frontend","AZzie9TTHru0ZB8CW9dh","BUG","MAJOR","OPEN",,"si091_reginsa_frontend:src/assets/layout/styles/theme/theme-dark/indigo/theme.css","6453","css:S4649","Unexpected missing generic font family","1min","1min","alextorres@sunedu.gob.pe","2025-10-15T09:19:37+0000","2026-03-12T14:36:49+0000","","http://localhost:9000/project/issues?id=si091_reginsa_frontend&issues=AZzie9TTHru0ZB8CW9dh&open=AZzie9TTHru0ZB8CW9dh"
"si091_reginsa_frontend","AZzie9TTHru0ZB8CW9di","BUG","MAJOR","OPEN",,"si091_reginsa_frontend:src/assets/layout/styles/theme/theme-dark/indigo/theme.css","6532","css:S4649","Unexpected missing generic font family","1min","1min","alextorres@sunedu.gob.pe","2025-10-15T09:19:37+0000","2026-03-12T14:36:49+0000","","http://localhost:9000/project/issues?id=si091_reginsa_frontend&issues=AZzie9TTHru0ZB8CW9di&open=AZzie9TTHru0ZB8CW9di"
"si091_reginsa_frontend","AZzie9TTHru0ZB8CW9dj","BUG","MAJOR","OPEN",,"si091_reginsa_frontend:src/assets/layout/styles/theme/theme-dark/indigo/theme.css","6540","css:S4649","Unexpected missing generic font family","1min","1min","alextorres@sunedu.gob.pe","2025-10-15T09:19:37+0000","2026-03-12T14:36:49+0000","","http://localhost:9000/project/issues?id=si091_reginsa_frontend&issues=AZzie9TTHru0ZB8CW9dj&open=AZzie9TTHru0ZB8CW9dj"
"si091_reginsa_frontend","AZzie9S_Hru0ZB8CW9da","CODE_SMELL","MAJOR","OPEN",,"si091_reginsa_frontend:src/assets/layout/styles/theme/theme-dark/orange/theme.css","55","css:S4666","Unexpected duplicate selector "":root"", first used at line 1","1min","1min","alextorres@sunedu.gob.pe","2025-10-15T09:19:37+0000","2026-03-12T14:36:49+0000","","http://localhost:9000/project/issues?id=si091_reginsa_frontend&issues=AZzie9S_Hru0ZB8CW9da&open=AZzie9S_Hru0ZB8CW9da"
"si091_reginsa_frontend","AZzie9S_Hru0ZB8CW9db","CODE_SMELL","MAJOR","OPEN",,"si091_reginsa_frontend:src/assets/layout/styles/theme/theme-dark/orange/theme.css","1202","css:S4666","Unexpected duplicate selector "".p-inputswitch.p-inputswitch-checked .p-inputswitch-slider:before"", first used at line 1188","1min","1min","alextorres@sunedu.gob.pe","2025-10-15T09:19:37+0000","2026-03-12T14:36:49+0000","","http://localhost:9000/project/issues?id=si091_reginsa_frontend&issues=AZzie9S_Hru0ZB8CW9db&open=AZzie9S_Hru0ZB8CW9db"
"si091_reginsa_frontend","AZzie9S_Hru0ZB8CW9dc","CODE_SMELL","MAJOR","OPEN",,"si091_reginsa_frontend:src/assets/layout/styles/theme/theme-dark/orange/theme.css","5165","css:S4666","Unexpected duplicate selector "".p-menubar .p-menubar-root-list .p-menuitem"", first used at line 5141","1min","1min","alextorres@sunedu.gob.pe","2025-10-15T09:19:37+0000","2026-03-12T14:36:49+0000","","http://localhost:9000/project/issues?id=si091_reginsa_frontend&issues=AZzie9S_Hru0ZB8CW9dc&open=AZzie9S_Hru0ZB8CW9dc"
"si091_reginsa_frontend","AZzie9S-Hru0ZB8CW9dU","BUG","MAJOR","OPEN",,"si091_reginsa_frontend:src/assets/layout/styles/theme/theme-dark/orange/theme.css","5439","css:S4656","Unexpected duplicate ""background""","1min","1min","alextorres@sunedu.gob.pe","2025-10-15T09:19:37+0000","2026-03-12T14:36:49+0000","","http://localhost:9000/project/issues?id=si091_reginsa_frontend&issues=AZzie9S-Hru0ZB8CW9dU&open=AZzie9S-Hru0ZB8CW9dU"
"si091_reginsa_frontend","AZzie9S_Hru0ZB8CW9dd","CODE_SMELL","MAJOR","OPEN",,"si091_reginsa_frontend:src/assets/layout/styles/theme/theme-dark/orange/theme.css","6113","css:S4666","Unexpected duplicate selector "".p-chip .pi-chip-remove-icon"", first used at line 6104","1min","1min","alextorres@sunedu.gob.pe","2025-10-15T09:19:37+0000","2026-03-12T14:36:49+0000","","http://localhost:9000/project/issues?id=si091_reginsa_frontend&issues=AZzie9S_Hru0ZB8CW9dd&open=AZzie9S_Hru0ZB8CW9dd"
"si091_reginsa_frontend","AZzie9S_Hru0ZB8CW9dV","BUG","MAJOR","OPEN",,"si091_reginsa_frontend:src/assets/layout/styles/theme/theme-dark/orange/theme.css","6364","css:S4649","Unexpected missing generic font family","1min","1min","alextorres@sunedu.gob.pe","2025-10-15T09:19:37+0000","2026-03-12T14:36:49+0000","","http://localhost:9000/project/issues?id=si091_reginsa_frontend&issues=AZzie9S_Hru0ZB8CW9dV&open=AZzie9S_Hru0ZB8CW9dV"
"si091_reginsa_frontend","AZzie9S_Hru0ZB8CW9dW","BUG","MAJOR","OPEN",,"si091_reginsa_frontend:src/assets/layout/styles/theme/theme-dark/orange/theme.css","6372","css:S4649","Unexpected missing generic font family","1min","1min","alextorres@sunedu.gob.pe","2025-10-15T09:19:37+0000","2026-03-12T14:36:49+0000","","http://localhost:9000/project/issues?id=si091_reginsa_frontend&issues=AZzie9S_Hru0ZB8CW9dW&open=AZzie9S_Hru0ZB8CW9dW"
"si091_reginsa_frontend","AZzie9S_Hru0ZB8CW9dX","BUG","MAJOR","OPEN",,"si091_reginsa_frontend:src/assets/layout/styles/theme/theme-dark/orange/theme.css","6453","css:S4649","Unexpected missing generic font family","1min","1min","alextorres@sunedu.gob.pe","2025-10-15T09:19:37+0000","2026-03-12T14:36:49+0000","","http://localhost:9000/project/issues?id=si091_reginsa_frontend&issues=AZzie9S_Hru0ZB8CW9dX&open=AZzie9S_Hru0ZB8CW9dX"
"si091_reginsa_frontend","AZzie9S_Hru0ZB8CW9dY","BUG","MAJOR","OPEN",,"si091_reginsa_frontend:src/assets/layout/styles/theme/theme-dark/orange/theme.css","6532","css:S4649","Unexpected missing generic font family","1min","1min","alextorres@sunedu.gob.pe","2025-10-15T09:19:37+0000","2026-03-12T14:36:49+0000","","http://localhost:9000/project/issues?id=si091_reginsa_frontend&issues=AZzie9S_Hru0ZB8CW9dY&open=AZzie9S_Hru0ZB8CW9dY"
"si091_reginsa_frontend","AZzie9S_Hru0ZB8CW9dZ","BUG","MAJOR","OPEN",,"si091_reginsa_frontend:src/assets/layout/styles/theme/theme-dark/orange/theme.css","6540","css:S4649","Unexpected missing generic font family","1min","1min","alextorres@sunedu.gob.pe","2025-10-15T09:19:37+0000","2026-03-12T14:36:49+0000","","http://localhost:9000/project/issues?id=si091_reginsa_frontend&issues=AZzie9S_Hru0ZB8CW9dZ&open=AZzie9S_Hru0ZB8CW9dZ"
"si091_reginsa_frontend","AZzie9SKHru0ZB8CW9dG","CODE_SMELL","MAJOR","OPEN",,"si091_reginsa_frontend:src/assets/layout/styles/theme/theme-dark/pink/theme.css","55","css:S4666","Unexpected duplicate selector "":root"", first used at line 1","1min","1min","alextorres@sunedu.gob.pe","2025-10-15T09:19:37+0000","2026-03-12T14:36:49+0000","","http://localhost:9000/project/issues?id=si091_reginsa_frontend&issues=AZzie9SKHru0ZB8CW9dG&open=AZzie9SKHru0ZB8CW9dG"
"si091_reginsa_frontend","AZzie9SKHru0ZB8CW9dH","CODE_SMELL","MAJOR","OPEN",,"si091_reginsa_frontend:src/assets/layout/styles/theme/theme-dark/pink/theme.css","1202","css:S4666","Unexpected duplicate selector "".p-inputswitch.p-inputswitch-checked .p-inputswitch-slider:before"", first used at line 1188","1min","1min","alextorres@sunedu.gob.pe","2025-10-15T09:19:37+0000","2026-03-12T14:36:49+0000","","http://localhost:9000/project/issues?id=si091_reginsa_frontend&issues=AZzie9SKHru0ZB8CW9dH&open=AZzie9SKHru0ZB8CW9dH"
"si091_reginsa_frontend","AZzie9SKHru0ZB8CW9dI","CODE_SMELL","MAJOR","OPEN",,"si091_reginsa_frontend:src/assets/layout/styles/theme/theme-dark/pink/theme.css","5165","css:S4666","Unexpected duplicate selector "".p-menubar .p-menubar-root-list .p-menuitem"", first used at line 5141","1min","1min","alextorres@sunedu.gob.pe","2025-10-15T09:19:37+0000","2026-03-12T14:36:49+0000","","http://localhost:9000/project/issues?id=si091_reginsa_frontend&issues=AZzie9SKHru0ZB8CW9dI&open=AZzie9SKHru0ZB8CW9dI"
"si091_reginsa_frontend","AZzie9SKHru0ZB8CW9dA","BUG","MAJOR","OPEN",,"si091_reginsa_frontend:src/assets/layout/styles/theme/theme-dark/pink/theme.css","5439","css:S4656","Unexpected duplicate ""background""","1min","1min","alextorres@sunedu.gob.pe","2025-10-15T09:19:37+0000","2026-03-12T14:36:49+0000","","http://localhost:9000/project/issues?id=si091_reginsa_frontend&issues=AZzie9SKHru0ZB8CW9dA&open=AZzie9SKHru0ZB8CW9dA"
"si091_reginsa_frontend","AZzie9SLHru0ZB8CW9dJ","CODE_SMELL","MAJOR","OPEN",,"si091_reginsa_frontend:src/assets/layout/styles/theme/theme-dark/pink/theme.css","6113","css:S4666","Unexpected duplicate selector "".p-chip .pi-chip-remove-icon"", first used at line 6104","1min","1min","alextorres@sunedu.gob.pe","2025-10-15T09:19:37+0000","2026-03-12T14:36:49+0000","","http://localhost:9000/project/issues?id=si091_reginsa_frontend&issues=AZzie9SLHru0ZB8CW9dJ&open=AZzie9SLHru0ZB8CW9dJ"
"si091_reginsa_frontend","AZzie9SKHru0ZB8CW9dB","BUG","MAJOR","OPEN",,"si091_reginsa_frontend:src/assets/layout/styles/theme/theme-dark/pink/theme.css","6364","css:S4649","Unexpected missing generic font family","1min","1min","alextorres@sunedu.gob.pe","2025-10-15T09:19:37+0000","2026-03-12T14:36:49+0000","","http://localhost:9000/project/issues?id=si091_reginsa_frontend&issues=AZzie9SKHru0ZB8CW9dB&open=AZzie9SKHru0ZB8CW9dB"
"si091_reginsa_frontend","AZzie9SKHru0ZB8CW9dC","BUG","MAJOR","OPEN",,"si091_reginsa_frontend:src/assets/layout/styles/theme/theme-dark/pink/theme.css","6372","css:S4649","Unexpected missing generic font family","1min","1min","alextorres@sunedu.gob.pe","2025-10-15T09:19:37+0000","2026-03-12T14:36:49+0000","","http://localhost:9000/project/issues?id=si091_reginsa_frontend&issues=AZzie9SKHru0ZB8CW9dC&open=AZzie9SKHru0ZB8CW9dC"
"si091_reginsa_frontend","AZzie9SKHru0ZB8CW9dD","BUG","MAJOR","OPEN",,"si091_reginsa_frontend:src/assets/layout/styles/theme/theme-dark/pink/theme.css","6453","css:S4649","Unexpected missing generic font family","1min","1min","alextorres@sunedu.gob.pe","2025-10-15T09:19:37+0000","2026-03-12T14:36:49+0000","","http://localhost:9000/project/issues?id=si091_reginsa_frontend&issues=AZzie9SKHru0ZB8CW9dD&open=AZzie9SKHru0ZB8CW9dD"
"si091_reginsa_frontend","AZzie9SKHru0ZB8CW9dE","BUG","MAJOR","OPEN",,"si091_reginsa_frontend:src/assets/layout/styles/theme/theme-dark/pink/theme.css","6532","css:S4649","Unexpected missing generic font family","1min","1min","alextorres@sunedu.gob.pe","2025-10-15T09:19:37+0000","2026-03-12T14:36:49+0000","","http://localhost:9000/project/issues?id=si091_reginsa_frontend&issues=AZzie9SKHru0ZB8CW9dE&open=AZzie9SKHru0ZB8CW9dE"
"si091_reginsa_frontend","AZzie9SKHru0ZB8CW9dF","BUG","MAJOR","OPEN",,"si091_reginsa_frontend:src/assets/layout/styles/theme/theme-dark/pink/theme.css","6540","css:S4649","Unexpected missing generic font family","1min","1min","alextorres@sunedu.gob.pe","2025-10-15T09:19:37+0000","2026-03-12T14:36:49+0000","","http://localhost:9000/project/issues?id=si091_reginsa_frontend&issues=AZzie9SKHru0ZB8CW9dF&open=AZzie9SKHru0ZB8CW9dF"
"si091_reginsa_frontend","AZzie9RpHru0ZB8CW9c8","CODE_SMELL","MAJOR","OPEN",,"si091_reginsa_frontend:src/assets/layout/styles/theme/theme-dark/purple/theme.css","55","css:S4666","Unexpected duplicate selector "":root"", first used at line 1","1min","1min","alextorres@sunedu.gob.pe","2025-10-15T09:19:37+0000","2026-03-12T14:36:49+0000","","http://localhost:9000/project/issues?id=si091_reginsa_frontend&issues=AZzie9RpHru0ZB8CW9c8&open=AZzie9RpHru0ZB8CW9c8"
"si091_reginsa_frontend","AZzie9RpHru0ZB8CW9c9","CODE_SMELL","MAJOR","OPEN",,"si091_reginsa_frontend:src/assets/layout/styles/theme/theme-dark/purple/theme.css","1202","css:S4666","Unexpected duplicate selector "".p-inputswitch.p-inputswitch-checked .p-inputswitch-slider:before"", first used at line 1188","1min","1min","alextorres@sunedu.gob.pe","2025-10-15T09:19:37+0000","2026-03-12T14:36:49+0000","","http://localhost:9000/project/issues?id=si091_reginsa_frontend&issues=AZzie9RpHru0ZB8CW9c9&open=AZzie9RpHru0ZB8CW9c9"
"si091_reginsa_frontend","AZzie9RpHru0ZB8CW9c-","CODE_SMELL","MAJOR","OPEN",,"si091_reginsa_frontend:src/assets/layout/styles/theme/theme-dark/purple/theme.css","5165","css:S4666","Unexpected duplicate selector "".p-menubar .p-menubar-root-list .p-menuitem"", first used at line 5141","1min","1min","alextorres@sunedu.gob.pe","2025-10-15T09:19:37+0000","2026-03-12T14:36:49+0000","","http://localhost:9000/project/issues?id=si091_reginsa_frontend&issues=AZzie9RpHru0ZB8CW9c-&open=AZzie9RpHru0ZB8CW9c-"
"si091_reginsa_frontend","AZzie9RpHru0ZB8CW9c2","BUG","MAJOR","OPEN",,"si091_reginsa_frontend:src/assets/layout/styles/theme/theme-dark/purple/theme.css","5439","css:S4656","Unexpected duplicate ""background""","1min","1min","alextorres@sunedu.gob.pe","2025-10-15T09:19:37+0000","2026-03-12T14:36:49+0000","","http://localhost:9000/project/issues?id=si091_reginsa_frontend&issues=AZzie9RpHru0ZB8CW9c2&open=AZzie9RpHru0ZB8CW9c2"
"si091_reginsa_frontend","AZzie9RpHru0ZB8CW9c_","CODE_SMELL","MAJOR","OPEN",,"si091_reginsa_frontend:src/assets/layout/styles/theme/theme-dark/purple/theme.css","6113","css:S4666","Unexpected duplicate selector "".p-chip .pi-chip-remove-icon"", first used at line 6104","1min","1min","alextorres@sunedu.gob.pe","2025-10-15T09:19:37+0000","2026-03-12T14:36:49+0000","","http://localhost:9000/project/issues?id=si091_reginsa_frontend&issues=AZzie9RpHru0ZB8CW9c_&open=AZzie9RpHru0ZB8CW9c_"
"si091_reginsa_frontend","AZzie9RpHru0ZB8CW9c3","BUG","MAJOR","OPEN",,"si091_reginsa_frontend:src/assets/layout/styles/theme/theme-dark/purple/theme.css","6364","css:S4649","Unexpected missing generic font family","1min","1min","alextorres@sunedu.gob.pe","2025-10-15T09:19:37+0000","2026-03-12T14:36:49+0000","","http://localhost:9000/project/issues?id=si091_reginsa_frontend&issues=AZzie9RpHru0ZB8CW9c3&open=AZzie9RpHru0ZB8CW9c3"
"si091_reginsa_frontend","AZzie9RpHru0ZB8CW9c4","BUG","MAJOR","OPEN",,"si091_reginsa_frontend:src/assets/layout/styles/theme/theme-dark/purple/theme.css","6372","css:S4649","Unexpected missing generic font family","1min","1min","alextorres@sunedu.gob.pe","2025-10-15T09:19:37+0000","2026-03-12T14:36:49+0000","","http://localhost:9000/project/issues?id=si091_reginsa_frontend&issues=AZzie9RpHru0ZB8CW9c4&open=AZzie9RpHru0ZB8CW9c4"
"si091_reginsa_frontend","AZzie9RpHru0ZB8CW9c5","BUG","MAJOR","OPEN",,"si091_reginsa_frontend:src/assets/layout/styles/theme/theme-dark/purple/theme.css","6453","css:S4649","Unexpected missing generic font family","1min","1min","alextorres@sunedu.gob.pe","2025-10-15T09:19:37+0000","2026-03-12T14:36:49+0000","","http://localhost:9000/project/issues?id=si091_reginsa_frontend&issues=AZzie9RpHru0ZB8CW9c5&open=AZzie9RpHru0ZB8CW9c5"
"si091_reginsa_frontend","AZzie9RpHru0ZB8CW9c6","BUG","MAJOR","OPEN",,"si091_reginsa_frontend:src/assets/layout/styles/theme/theme-dark/purple/theme.css","6532","css:S4649","Unexpected missing generic font family","1min","1min","alextorres@sunedu.gob.pe","2025-10-15T09:19:37+0000","2026-03-12T14:36:49+0000","","http://localhost:9000/project/issues?id=si091_reginsa_frontend&issues=AZzie9RpHru0ZB8CW9c6&open=AZzie9RpHru0ZB8CW9c6"
"si091_reginsa_frontend","AZzie9RpHru0ZB8CW9c7","BUG","MAJOR","OPEN",,"si091_reginsa_frontend:src/assets/layout/styles/theme/theme-dark/purple/theme.css","6540","css:S4649","Unexpected missing generic font family","1min","1min","alextorres@sunedu.gob.pe","2025-10-15T09:19:37+0000","2026-03-12T14:36:49+0000","","http://localhost:9000/project/issues?id=si091_reginsa_frontend&issues=AZzie9RpHru0ZB8CW9c7&open=AZzie9RpHru0ZB8CW9c7"
"si091_reginsa_frontend","AZzie9UdHru0ZB8CW9d4","CODE_SMELL","MAJOR","OPEN",,"si091_reginsa_frontend:src/assets/layout/styles/theme/theme-dark/teal/theme.css","55","css:S4666","Unexpected duplicate selector "":root"", first used at line 1","1min","1min","alextorres@sunedu.gob.pe","2025-10-15T09:19:37+0000","2026-03-12T14:36:49+0000","","http://localhost:9000/project/issues?id=si091_reginsa_frontend&issues=AZzie9UdHru0ZB8CW9d4&open=AZzie9UdHru0ZB8CW9d4"
"si091_reginsa_frontend","AZzie9UdHru0ZB8CW9d5","CODE_SMELL","MAJOR","OPEN",,"si091_reginsa_frontend:src/assets/layout/styles/theme/theme-dark/teal/theme.css","1202","css:S4666","Unexpected duplicate selector "".p-inputswitch.p-inputswitch-checked .p-inputswitch-slider:before"", first used at line 1188","1min","1min","alextorres@sunedu.gob.pe","2025-10-15T09:19:37+0000","2026-03-12T14:36:49+0000","","http://localhost:9000/project/issues?id=si091_reginsa_frontend&issues=AZzie9UdHru0ZB8CW9d5&open=AZzie9UdHru0ZB8CW9d5"
"si091_reginsa_frontend","AZzie9UdHru0ZB8CW9d6","CODE_SMELL","MAJOR","OPEN",,"si091_reginsa_frontend:src/assets/layout/styles/theme/theme-dark/teal/theme.css","5165","css:S4666","Unexpected duplicate selector "".p-menubar .p-menubar-root-list .p-menuitem"", first used at line 5141","1min","1min","alextorres@sunedu.gob.pe","2025-10-15T09:19:37+0000","2026-03-12T14:36:49+0000","","http://localhost:9000/project/issues?id=si091_reginsa_frontend&issues=AZzie9UdHru0ZB8CW9d6&open=AZzie9UdHru0ZB8CW9d6"
"si091_reginsa_frontend","AZzie9UdHru0ZB8CW9dy","BUG","MAJOR","OPEN",,"si091_reginsa_frontend:src/assets/layout/styles/theme/theme-dark/teal/theme.css","5439","css:S4656","Unexpected duplicate ""background""","1min","1min","alextorres@sunedu.gob.pe","2025-10-15T09:19:37+0000","2026-03-12T14:36:49+0000","","http://localhost:9000/project/issues?id=si091_reginsa_frontend&issues=AZzie9UdHru0ZB8CW9dy&open=AZzie9UdHru0ZB8CW9dy"
"si091_reginsa_frontend","AZzie9UdHru0ZB8CW9d7","CODE_SMELL","MAJOR","OPEN",,"si091_reginsa_frontend:src/assets/layout/styles/theme/theme-dark/teal/theme.css","6113","css:S4666","Unexpected duplicate selector "".p-chip .pi-chip-remove-icon"", first used at line 6104","1min","1min","alextorres@sunedu.gob.pe","2025-10-15T09:19:37+0000","2026-03-12T14:36:49+0000","","http://localhost:9000/project/issues?id=si091_reginsa_frontend&issues=AZzie9UdHru0ZB8CW9d7&open=AZzie9UdHru0ZB8CW9d7"
"si091_reginsa_frontend","AZzie9UdHru0ZB8CW9dz","BUG","MAJOR","OPEN",,"si091_reginsa_frontend:src/assets/layout/styles/theme/theme-dark/teal/theme.css","6364","css:S4649","Unexpected missing generic font family","1min","1min","alextorres@sunedu.gob.pe","2025-10-15T09:19:37+0000","2026-03-12T14:36:49+0000","","http://localhost:9000/project/issues?id=si091_reginsa_frontend&issues=AZzie9UdHru0ZB8CW9dz&open=AZzie9UdHru0ZB8CW9dz"
"si091_reginsa_frontend","AZzie9UdHru0ZB8CW9d0","BUG","MAJOR","OPEN",,"si091_reginsa_frontend:src/assets/layout/styles/theme/theme-dark/teal/theme.css","6372","css:S4649","Unexpected missing generic font family","1min","1min","alextorres@sunedu.gob.pe","2025-10-15T09:19:37+0000","2026-03-12T14:36:49+0000","","http://localhost:9000/project/issues?id=si091_reginsa_frontend&issues=AZzie9UdHru0ZB8CW9d0&open=AZzie9UdHru0ZB8CW9d0"
"si091_reginsa_frontend","AZzie9UdHru0ZB8CW9d1","BUG","MAJOR","OPEN",,"si091_reginsa_frontend:src/assets/layout/styles/theme/theme-dark/teal/theme.css","6453","css:S4649","Unexpected missing generic font family","1min","1min","alextorres@sunedu.gob.pe","2025-10-15T09:19:37+0000","2026-03-12T14:36:49+0000","","http://localhost:9000/project/issues?id=si091_reginsa_frontend&issues=AZzie9UdHru0ZB8CW9d1&open=AZzie9UdHru0ZB8CW9d1"
"si091_reginsa_frontend","AZzie9UdHru0ZB8CW9d2","BUG","MAJOR","OPEN",,"si091_reginsa_frontend:src/assets/layout/styles/theme/theme-dark/teal/theme.css","6532","css:S4649","Unexpected missing generic font family","1min","1min","alextorres@sunedu.gob.pe","2025-10-15T09:19:37+0000","2026-03-12T14:36:49+0000","","http://localhost:9000/project/issues?id=si091_reginsa_frontend&issues=AZzie9UdHru0ZB8CW9d2&open=AZzie9UdHru0ZB8CW9d2"
"si091_reginsa_frontend","AZzie9UdHru0ZB8CW9d3","BUG","MAJOR","OPEN",,"si091_reginsa_frontend:src/assets/layout/styles/theme/theme-dark/teal/theme.css","6540","css:S4649","Unexpected missing generic font family","1min","1min","alextorres@sunedu.gob.pe","2025-10-15T09:19:37+0000","2026-03-12T14:36:49+0000","","http://localhost:9000/project/issues?id=si091_reginsa_frontend&issues=AZzie9UdHru0ZB8CW9d3&open=AZzie9UdHru0ZB8CW9d3"
"si091_reginsa_frontend","AZzie9X2Hru0ZB8CW9fc","CODE_SMELL","MAJOR","OPEN",,"si091_reginsa_frontend:src/assets/layout/styles/theme/theme-dim/blue/theme.css","55","css:S4666","Unexpected duplicate selector "":root"", first used at line 1","1min","1min","alextorres@sunedu.gob.pe","2025-10-15T09:19:37+0000","2026-03-12T14:36:49+0000","","http://localhost:9000/project/issues?id=si091_reginsa_frontend&issues=AZzie9X2Hru0ZB8CW9fc&open=AZzie9X2Hru0ZB8CW9fc"
"si091_reginsa_frontend","AZzie9X2Hru0ZB8CW9fd","CODE_SMELL","MAJOR","OPEN",,"si091_reginsa_frontend:src/assets/layout/styles/theme/theme-dim/blue/theme.css","1202","css:S4666","Unexpected duplicate selector "".p-inputswitch.p-inputswitch-checked .p-inputswitch-slider:before"", first used at line 1188","1min","1min","alextorres@sunedu.gob.pe","2025-10-15T09:19:37+0000","2026-03-12T14:36:49+0000","","http://localhost:9000/project/issues?id=si091_reginsa_frontend&issues=AZzie9X2Hru0ZB8CW9fd&open=AZzie9X2Hru0ZB8CW9fd"
"si091_reginsa_frontend","AZzie9X2Hru0ZB8CW9fe","CODE_SMELL","MAJOR","OPEN",,"si091_reginsa_frontend:src/assets/layout/styles/theme/theme-dim/blue/theme.css","5165","css:S4666","Unexpected duplicate selector "".p-menubar .p-menubar-root-list .p-menuitem"", first used at line 5141","1min","1min","alextorres@sunedu.gob.pe","2025-10-15T09:19:37+0000","2026-03-12T14:36:49+0000","","http://localhost:9000/project/issues?id=si091_reginsa_frontend&issues=AZzie9X2Hru0ZB8CW9fe&open=AZzie9X2Hru0ZB8CW9fe"
"si091_reginsa_frontend","AZzie9X2Hru0ZB8CW9fW","BUG","MAJOR","OPEN",,"si091_reginsa_frontend:src/assets/layout/styles/theme/theme-dim/blue/theme.css","5439","css:S4656","Unexpected duplicate ""background""","1min","1min","alextorres@sunedu.gob.pe","2025-10-15T09:19:37+0000","2026-03-12T14:36:49+0000","","http://localhost:9000/project/issues?id=si091_reginsa_frontend&issues=AZzie9X2Hru0ZB8CW9fW&open=AZzie9X2Hru0ZB8CW9fW"
"si091_reginsa_frontend","AZzie9X2Hru0ZB8CW9ff","CODE_SMELL","MAJOR","OPEN",,"si091_reginsa_frontend:src/assets/layout/styles/theme/theme-dim/blue/theme.css","6113","css:S4666","Unexpected duplicate selector "".p-chip .pi-chip-remove-icon"", first used at line 6104","1min","1min","alextorres@sunedu.gob.pe","2025-10-15T09:19:37+0000","2026-03-12T14:36:49+0000","","http://localhost:9000/project/issues?id=si091_reginsa_frontend&issues=AZzie9X2Hru0ZB8CW9ff&open=AZzie9X2Hru0ZB8CW9ff"
"si091_reginsa_frontend","AZzie9X2Hru0ZB8CW9fX","BUG","MAJOR","OPEN",,"si091_reginsa_frontend:src/assets/layout/styles/theme/theme-dim/blue/theme.css","6364","css:S4649","Unexpected missing generic font family","1min","1min","alextorres@sunedu.gob.pe","2025-10-15T09:19:37+0000","2026-03-12T14:36:49+0000","","http://localhost:9000/project/issues?id=si091_reginsa_frontend&issues=AZzie9X2Hru0ZB8CW9fX&open=AZzie9X2Hru0ZB8CW9fX"
"si091_reginsa_frontend","AZzie9X2Hru0ZB8CW9fY","BUG","MAJOR","OPEN",,"si091_reginsa_frontend:src/assets/layout/styles/theme/theme-dim/blue/theme.css","6372","css:S4649","Unexpected missing generic font family","1min","1min","alextorres@sunedu.gob.pe","2025-10-15T09:19:37+0000","2026-03-12T14:36:49+0000","","http://localhost:9000/project/issues?id=si091_reginsa_frontend&issues=AZzie9X2Hru0ZB8CW9fY&open=AZzie9X2Hru0ZB8CW9fY"
"si091_reginsa_frontend","AZzie9X2Hru0ZB8CW9fZ","BUG","MAJOR","OPEN",,"si091_reginsa_frontend:src/assets/layout/styles/theme/theme-dim/blue/theme.css","6453","css:S4649","Unexpected missing generic font family","1min","1min","alextorres@sunedu.gob.pe","2025-10-15T09:19:37+0000","2026-03-12T14:36:49+0000","","http://localhost:9000/project/issues?id=si091_reginsa_frontend&issues=AZzie9X2Hru0ZB8CW9fZ&open=AZzie9X2Hru0ZB8CW9fZ"
"si091_reginsa_frontend","AZzie9X2Hru0ZB8CW9fa","BUG","MAJOR","OPEN",,"si091_reginsa_frontend:src/assets/layout/styles/theme/theme-dim/blue/theme.css","6532","css:S4649","Unexpected missing generic font family","1min","1min","alextorres@sunedu.gob.pe","2025-10-15T09:19:37+0000","2026-03-12T14:36:49+0000","","http://localhost:9000/project/issues?id=si091_reginsa_frontend&issues=AZzie9X2Hru0ZB8CW9fa&open=AZzie9X2Hru0ZB8CW9fa"
"si091_reginsa_frontend","AZzie9X2Hru0ZB8CW9fb","BUG","MAJOR","OPEN",,"si091_reginsa_frontend:src/assets/layout/styles/theme/theme-dim/blue/theme.css","6540","css:S4649","Unexpected missing generic font family","1min","1min","alextorres@sunedu.gob.pe","2025-10-15T09:19:37+0000","2026-03-12T14:36:49+0000","","http://localhost:9000/project/issues?id=si091_reginsa_frontend&issues=AZzie9X2Hru0ZB8CW9fb&open=AZzie9X2Hru0ZB8CW9fb"
"si091_reginsa_frontend","AZzie9ZKHru0ZB8CW9gE","CODE_SMELL","MAJOR","OPEN",,"si091_reginsa_frontend:src/assets/layout/styles/theme/theme-dim/cyan/theme.css","55","css:S4666","Unexpected duplicate selector "":root"", first used at line 1","1min","1min","alextorres@sunedu.gob.pe","2025-10-15T09:19:37+0000","2026-03-12T14:36:49+0000","","http://localhost:9000/project/issues?id=si091_reginsa_frontend&issues=AZzie9ZKHru0ZB8CW9gE&open=AZzie9ZKHru0ZB8CW9gE"
"si091_reginsa_frontend","AZzie9ZKHru0ZB8CW9gF","CODE_SMELL","MAJOR","OPEN",,"si091_reginsa_frontend:src/assets/layout/styles/theme/theme-dim/cyan/theme.css","1202","css:S4666","Unexpected duplicate selector "".p-inputswitch.p-inputswitch-checked .p-inputswitch-slider:before"", first used at line 1188","1min","1min","alextorres@sunedu.gob.pe","2025-10-15T09:19:37+0000","2026-03-12T14:36:49+0000","","http://localhost:9000/project/issues?id=si091_reginsa_frontend&issues=AZzie9ZKHru0ZB8CW9gF&open=AZzie9ZKHru0ZB8CW9gF"
"si091_reginsa_frontend","AZzie9ZKHru0ZB8CW9gG","CODE_SMELL","MAJOR","OPEN",,"si091_reginsa_frontend:src/assets/layout/styles/theme/theme-dim/cyan/theme.css","5165","css:S4666","Unexpected duplicate selector "".p-menubar .p-menubar-root-list .p-menuitem"", first used at line 5141","1min","1min","alextorres@sunedu.gob.pe","2025-10-15T09:19:37+0000","2026-03-12T14:36:49+0000","","http://localhost:9000/project/issues?id=si091_reginsa_frontend&issues=AZzie9ZKHru0ZB8CW9gG&open=AZzie9ZKHru0ZB8CW9gG"
"si091_reginsa_frontend","AZzie9ZKHru0ZB8CW9f-","BUG","MAJOR","OPEN",,"si091_reginsa_frontend:src/assets/layout/styles/theme/theme-dim/cyan/theme.css","5439","css:S4656","Unexpected duplicate ""background""","1min","1min","alextorres@sunedu.gob.pe","2025-10-15T09:19:37+0000","2026-03-12T14:36:49+0000","","http://localhost:9000/project/issues?id=si091_reginsa_frontend&issues=AZzie9ZKHru0ZB8CW9f-&open=AZzie9ZKHru0ZB8CW9f-"
"si091_reginsa_frontend","AZzie9ZKHru0ZB8CW9gH","CODE_SMELL","MAJOR","OPEN",,"si091_reginsa_frontend:src/assets/layout/styles/theme/theme-dim/cyan/theme.css","6113","css:S4666","Unexpected duplicate selector "".p-chip .pi-chip-remove-icon"", first used at line 6104","1min","1min","alextorres@sunedu.gob.pe","2025-10-15T09:19:37+0000","2026-03-12T14:36:49+0000","","http://localhost:9000/project/issues?id=si091_reginsa_frontend&issues=AZzie9ZKHru0ZB8CW9gH&open=AZzie9ZKHru0ZB8CW9gH"
"si091_reginsa_frontend","AZzie9ZKHru0ZB8CW9f_","BUG","MAJOR","OPEN",,"si091_reginsa_frontend:src/assets/layout/styles/theme/theme-dim/cyan/theme.css","6364","css:S4649","Unexpected missing generic font family","1min","1min","alextorres@sunedu.gob.pe","2025-10-15T09:19:37+0000","2026-03-12T14:36:49+0000","","http://localhost:9000/project/issues?id=si091_reginsa_frontend&issues=AZzie9ZKHru0ZB8CW9f_&open=AZzie9ZKHru0ZB8CW9f_"
"si091_reginsa_frontend","AZzie9ZKHru0ZB8CW9gA","BUG","MAJOR","OPEN",,"si091_reginsa_frontend:src/assets/layout/styles/theme/theme-dim/cyan/theme.css","6372","css:S4649","Unexpected missing generic font family","1min","1min","alextorres@sunedu.gob.pe","2025-10-15T09:19:37+0000","2026-03-12T14:36:49+0000","","http://localhost:9000/project/issues?id=si091_reginsa_frontend&issues=AZzie9ZKHru0ZB8CW9gA&open=AZzie9ZKHru0ZB8CW9gA"
"si091_reginsa_frontend","AZzie9ZKHru0ZB8CW9gB","BUG","MAJOR","OPEN",,"si091_reginsa_frontend:src/assets/layout/styles/theme/theme-dim/cyan/theme.css","6453","css:S4649","Unexpected missing generic font family","1min","1min","alextorres@sunedu.gob.pe","2025-10-15T09:19:37+0000","2026-03-12T14:36:49+0000","","http://localhost:9000/project/issues?id=si091_reginsa_frontend&issues=AZzie9ZKHru0ZB8CW9gB&open=AZzie9ZKHru0ZB8CW9gB"
"si091_reginsa_frontend","AZzie9ZKHru0ZB8CW9gC","BUG","MAJOR","OPEN",,"si091_reginsa_frontend:src/assets/layout/styles/theme/theme-dim/cyan/theme.css","6532","css:S4649","Unexpected missing generic font family","1min","1min","alextorres@sunedu.gob.pe","2025-10-15T09:19:37+0000","2026-03-12T14:36:49+0000","","http://localhost:9000/project/issues?id=si091_reginsa_frontend&issues=AZzie9ZKHru0ZB8CW9gC&open=AZzie9ZKHru0ZB8CW9gC"
"si091_reginsa_frontend","AZzie9ZKHru0ZB8CW9gD","BUG","MAJOR","OPEN",,"si091_reginsa_frontend:src/assets/layout/styles/theme/theme-dim/cyan/theme.css","6540","css:S4649","Unexpected missing generic font family","1min","1min","alextorres@sunedu.gob.pe","2025-10-15T09:19:37+0000","2026-03-12T14:36:49+0000","","http://localhost:9000/project/issues?id=si091_reginsa_frontend&issues=AZzie9ZKHru0ZB8CW9gD&open=AZzie9ZKHru0ZB8CW9gD"
"si091_reginsa_frontend","AZzie9ZWHru0ZB8CW9gO","CODE_SMELL","MAJOR","OPEN",,"si091_reginsa_frontend:src/assets/layout/styles/theme/theme-dim/green/theme.css","55","css:S4666","Unexpected duplicate selector "":root"", first used at line 1","1min","1min","alextorres@sunedu.gob.pe","2025-10-15T09:19:37+0000","2026-03-12T14:36:49+0000","","http://localhost:9000/project/issues?id=si091_reginsa_frontend&issues=AZzie9ZWHru0ZB8CW9gO&open=AZzie9ZWHru0ZB8CW9gO"
"si091_reginsa_frontend","AZzie9ZWHru0ZB8CW9gP","CODE_SMELL","MAJOR","OPEN",,"si091_reginsa_frontend:src/assets/layout/styles/theme/theme-dim/green/theme.css","1202","css:S4666","Unexpected duplicate selector "".p-inputswitch.p-inputswitch-checked .p-inputswitch-slider:before"", first used at line 1188","1min","1min","alextorres@sunedu.gob.pe","2025-10-15T09:19:37+0000","2026-03-12T14:36:49+0000","","http://localhost:9000/project/issues?id=si091_reginsa_frontend&issues=AZzie9ZWHru0ZB8CW9gP&open=AZzie9ZWHru0ZB8CW9gP"
"si091_reginsa_frontend","AZzie9ZWHru0ZB8CW9gQ","CODE_SMELL","MAJOR","OPEN",,"si091_reginsa_frontend:src/assets/layout/styles/theme/theme-dim/green/theme.css","5165","css:S4666","Unexpected duplicate selector "".p-menubar .p-menubar-root-list .p-menuitem"", first used at line 5141","1min","1min","alextorres@sunedu.gob.pe","2025-10-15T09:19:37+0000","2026-03-12T14:36:49+0000","","http://localhost:9000/project/issues?id=si091_reginsa_frontend&issues=AZzie9ZWHru0ZB8CW9gQ&open=AZzie9ZWHru0ZB8CW9gQ"
"si091_reginsa_frontend","AZzie9ZWHru0ZB8CW9gI","BUG","MAJOR","OPEN",,"si091_reginsa_frontend:src/assets/layout/styles/theme/theme-dim/green/theme.css","5439","css:S4656","Unexpected duplicate ""background""","1min","1min","alextorres@sunedu.gob.pe","2025-10-15T09:19:37+0000","2026-03-12T14:36:49+0000","","http://localhost:9000/project/issues?id=si091_reginsa_frontend&issues=AZzie9ZWHru0ZB8CW9gI&open=AZzie9ZWHru0ZB8CW9gI"
"si091_reginsa_frontend","AZzie9ZWHru0ZB8CW9gR","CODE_SMELL","MAJOR","OPEN",,"si091_reginsa_frontend:src/assets/layout/styles/theme/theme-dim/green/theme.css","6113","css:S4666","Unexpected duplicate selector "".p-chip .pi-chip-remove-icon"", first used at line 6104","1min","1min","alextorres@sunedu.gob.pe","2025-10-15T09:19:37+0000","2026-03-12T14:36:49+0000","","http://localhost:9000/project/issues?id=si091_reginsa_frontend&issues=AZzie9ZWHru0ZB8CW9gR&open=AZzie9ZWHru0ZB8CW9gR"
"si091_reginsa_frontend","AZzie9ZWHru0ZB8CW9gJ","BUG","MAJOR","OPEN",,"si091_reginsa_frontend:src/assets/layout/styles/theme/theme-dim/green/theme.css","6364","css:S4649","Unexpected missing generic font family","1min","1min","alextorres@sunedu.gob.pe","2025-10-15T09:19:37+0000","2026-03-12T14:36:49+0000","","http://localhost:9000/project/issues?id=si091_reginsa_frontend&issues=AZzie9ZWHru0ZB8CW9gJ&open=AZzie9ZWHru0ZB8CW9gJ"
"si091_reginsa_frontend","AZzie9ZWHru0ZB8CW9gK","BUG","MAJOR","OPEN",,"si091_reginsa_frontend:src/assets/layout/styles/theme/theme-dim/green/theme.css","6372","css:S4649","Unexpected missing generic font family","1min","1min","alextorres@sunedu.gob.pe","2025-10-15T09:19:37+0000","2026-03-12T14:36:49+0000","","http://localhost:9000/project/issues?id=si091_reginsa_frontend&issues=AZzie9ZWHru0ZB8CW9gK&open=AZzie9ZWHru0ZB8CW9gK"
"si091_reginsa_frontend","AZzie9ZWHru0ZB8CW9gL","BUG","MAJOR","OPEN",,"si091_reginsa_frontend:src/assets/layout/styles/theme/theme-dim/green/theme.css","6453","css:S4649","Unexpected missing generic font family","1min","1min","alextorres@sunedu.gob.pe","2025-10-15T09:19:37+0000","2026-03-12T14:36:49+0000","","http://localhost:9000/project/issues?id=si091_reginsa_frontend&issues=AZzie9ZWHru0ZB8CW9gL&open=AZzie9ZWHru0ZB8CW9gL"
"si091_reginsa_frontend","AZzie9ZWHru0ZB8CW9gM","BUG","MAJOR","OPEN",,"si091_reginsa_frontend:src/assets/layout/styles/theme/theme-dim/green/theme.css","6532","css:S4649","Unexpected missing generic font family","1min","1min","alextorres@sunedu.gob.pe","2025-10-15T09:19:37+0000","2026-03-12T14:36:49+0000","","http://localhost:9000/project/issues?id=si091_reginsa_frontend&issues=AZzie9ZWHru0ZB8CW9gM&open=AZzie9ZWHru0ZB8CW9gM"
"si091_reginsa_frontend","AZzie9ZWHru0ZB8CW9gN","BUG","MAJOR","OPEN",,"si091_reginsa_frontend:src/assets/layout/styles/theme/theme-dim/green/theme.css","6540","css:S4649","Unexpected missing generic font family","1min","1min","alextorres@sunedu.gob.pe","2025-10-15T09:19:37+0000","2026-03-12T14:36:49+0000","","http://localhost:9000/project/issues?id=si091_reginsa_frontend&issues=AZzie9ZWHru0ZB8CW9gN&open=AZzie9ZWHru0ZB8CW9gN"
"si091_reginsa_frontend","AZzie9YoHru0ZB8CW9fw","CODE_SMELL","MAJOR","OPEN",,"si091_reginsa_frontend:src/assets/layout/styles/theme/theme-dim/indigo/theme.css","55","css:S4666","Unexpected duplicate selector "":root"", first used at line 1","1min","1min","alextorres@sunedu.gob.pe","2025-10-15T09:19:37+0000","2026-03-12T14:36:49+0000","","http://localhost:9000/project/issues?id=si091_reginsa_frontend&issues=AZzie9YoHru0ZB8CW9fw&open=AZzie9YoHru0ZB8CW9fw"
"si091_reginsa_frontend","AZzie9YoHru0ZB8CW9fx","CODE_SMELL","MAJOR","OPEN",,"si091_reginsa_frontend:src/assets/layout/styles/theme/theme-dim/indigo/theme.css","1202","css:S4666","Unexpected duplicate selector "".p-inputswitch.p-inputswitch-checked .p-inputswitch-slider:before"", first used at line 1188","1min","1min","alextorres@sunedu.gob.pe","2025-10-15T09:19:37+0000","2026-03-12T14:36:49+0000","","http://localhost:9000/project/issues?id=si091_reginsa_frontend&issues=AZzie9YoHru0ZB8CW9fx&open=AZzie9YoHru0ZB8CW9fx"
"si091_reginsa_frontend","AZzie9YoHru0ZB8CW9fy","CODE_SMELL","MAJOR","OPEN",,"si091_reginsa_frontend:src/assets/layout/styles/theme/theme-dim/indigo/theme.css","5165","css:S4666","Unexpected duplicate selector "".p-menubar .p-menubar-root-list .p-menuitem"", first used at line 5141","1min","1min","alextorres@sunedu.gob.pe","2025-10-15T09:19:37+0000","2026-03-12T14:36:49+0000","","http://localhost:9000/project/issues?id=si091_reginsa_frontend&issues=AZzie9YoHru0ZB8CW9fy&open=AZzie9YoHru0ZB8CW9fy"
"si091_reginsa_frontend","AZzie9YoHru0ZB8CW9fq","BUG","MAJOR","OPEN",,"si091_reginsa_frontend:src/assets/layout/styles/theme/theme-dim/indigo/theme.css","5439","css:S4656","Unexpected duplicate ""background""","1min","1min","alextorres@sunedu.gob.pe","2025-10-15T09:19:37+0000","2026-03-12T14:36:49+0000","","http://localhost:9000/project/issues?id=si091_reginsa_frontend&issues=AZzie9YoHru0ZB8CW9fq&open=AZzie9YoHru0ZB8CW9fq"
"si091_reginsa_frontend","AZzie9YoHru0ZB8CW9fz","CODE_SMELL","MAJOR","OPEN",,"si091_reginsa_frontend:src/assets/layout/styles/theme/theme-dim/indigo/theme.css","6113","css:S4666","Unexpected duplicate selector "".p-chip .pi-chip-remove-icon"", first used at line 6104","1min","1min","alextorres@sunedu.gob.pe","2025-10-15T09:19:37+0000","2026-03-12T14:36:49+0000","","http://localhost:9000/project/issues?id=si091_reginsa_frontend&issues=AZzie9YoHru0ZB8CW9fz&open=AZzie9YoHru0ZB8CW9fz"
"si091_reginsa_frontend","AZzie9YoHru0ZB8CW9fr","BUG","MAJOR","OPEN",,"si091_reginsa_frontend:src/assets/layout/styles/theme/theme-dim/indigo/theme.css","6364","css:S4649","Unexpected missing generic font family","1min","1min","alextorres@sunedu.gob.pe","2025-10-15T09:19:37+0000","2026-03-12T14:36:49+0000","","http://localhost:9000/project/issues?id=si091_reginsa_frontend&issues=AZzie9YoHru0ZB8CW9fr&open=AZzie9YoHru0ZB8CW9fr"
"si091_reginsa_frontend","AZzie9YoHru0ZB8CW9fs","BUG","MAJOR","OPEN",,"si091_reginsa_frontend:src/assets/layout/styles/theme/theme-dim/indigo/theme.css","6372","css:S4649","Unexpected missing generic font family","1min","1min","alextorres@sunedu.gob.pe","2025-10-15T09:19:37+0000","2026-03-12T14:36:49+0000","","http://localhost:9000/project/issues?id=si091_reginsa_frontend&issues=AZzie9YoHru0ZB8CW9fs&open=AZzie9YoHru0ZB8CW9fs"
"si091_reginsa_frontend","AZzie9YoHru0ZB8CW9ft","BUG","MAJOR","OPEN",,"si091_reginsa_frontend:src/assets/layout/styles/theme/theme-dim/indigo/theme.css","6453","css:S4649","Unexpected missing generic font family","1min","1min","alextorres@sunedu.gob.pe","2025-10-15T09:19:37+0000","2026-03-12T14:36:49+0000","","http://localhost:9000/project/issues?id=si091_reginsa_frontend&issues=AZzie9YoHru0ZB8CW9ft&open=AZzie9YoHru0ZB8CW9ft"
"si091_reginsa_frontend","AZzie9YoHru0ZB8CW9fu","BUG","MAJOR","OPEN",,"si091_reginsa_frontend:src/assets/layout/styles/theme/theme-dim/indigo/theme.css","6532","css:S4649","Unexpected missing generic font family","1min","1min","alextorres@sunedu.gob.pe","2025-10-15T09:19:37+0000","2026-03-12T14:36:49+0000","","http://localhost:9000/project/issues?id=si091_reginsa_frontend&issues=AZzie9YoHru0ZB8CW9fu&open=AZzie9YoHru0ZB8CW9fu"
"si091_reginsa_frontend","AZzie9YoHru0ZB8CW9fv","BUG","MAJOR","OPEN",,"si091_reginsa_frontend:src/assets/layout/styles/theme/theme-dim/indigo/theme.css","6540","css:S4649","Unexpected missing generic font family","1min","1min","alextorres@sunedu.gob.pe","2025-10-15T09:19:37+0000","2026-03-12T14:36:49+0000","","http://localhost:9000/project/issues?id=si091_reginsa_frontend&issues=AZzie9YoHru0ZB8CW9fv&open=AZzie9YoHru0ZB8CW9fv"
"si091_reginsa_frontend","AZzie9Y2Hru0ZB8CW9f6","CODE_SMELL","MAJOR","OPEN",,"si091_reginsa_frontend:src/assets/layout/styles/theme/theme-dim/orange/theme.css","55","css:S4666","Unexpected duplicate selector "":root"", first used at line 1","1min","1min","alextorres@sunedu.gob.pe","2025-10-15T09:19:37+0000","2026-03-12T14:36:49+0000","","http://localhost:9000/project/issues?id=si091_reginsa_frontend&issues=AZzie9Y2Hru0ZB8CW9f6&open=AZzie9Y2Hru0ZB8CW9f6"
"si091_reginsa_frontend","AZzie9Y2Hru0ZB8CW9f7","CODE_SMELL","MAJOR","OPEN",,"si091_reginsa_frontend:src/assets/layout/styles/theme/theme-dim/orange/theme.css","1202","css:S4666","Unexpected duplicate selector "".p-inputswitch.p-inputswitch-checked .p-inputswitch-slider:before"", first used at line 1188","1min","1min","alextorres@sunedu.gob.pe","2025-10-15T09:19:37+0000","2026-03-12T14:36:49+0000","","http://localhost:9000/project/issues?id=si091_reginsa_frontend&issues=AZzie9Y2Hru0ZB8CW9f7&open=AZzie9Y2Hru0ZB8CW9f7"
"si091_reginsa_frontend","AZzie9Y2Hru0ZB8CW9f8","CODE_SMELL","MAJOR","OPEN",,"si091_reginsa_frontend:src/assets/layout/styles/theme/theme-dim/orange/theme.css","5165","css:S4666","Unexpected duplicate selector "".p-menubar .p-menubar-root-list .p-menuitem"", first used at line 5141","1min","1min","alextorres@sunedu.gob.pe","2025-10-15T09:19:37+0000","2026-03-12T14:36:49+0000","","http://localhost:9000/project/issues?id=si091_reginsa_frontend&issues=AZzie9Y2Hru0ZB8CW9f8&open=AZzie9Y2Hru0ZB8CW9f8"
"si091_reginsa_frontend","AZzie9Y2Hru0ZB8CW9f0","BUG","MAJOR","OPEN",,"si091_reginsa_frontend:src/assets/layout/styles/theme/theme-dim/orange/theme.css","5439","css:S4656","Unexpected duplicate ""background""","1min","1min","alextorres@sunedu.gob.pe","2025-10-15T09:19:37+0000","2026-03-12T14:36:49+0000","","http://localhost:9000/project/issues?id=si091_reginsa_frontend&issues=AZzie9Y2Hru0ZB8CW9f0&open=AZzie9Y2Hru0ZB8CW9f0"
"si091_reginsa_frontend","AZzie9Y2Hru0ZB8CW9f9","CODE_SMELL","MAJOR","OPEN",,"si091_reginsa_frontend:src/assets/layout/styles/theme/theme-dim/orange/theme.css","6113","css:S4666","Unexpected duplicate selector "".p-chip .pi-chip-remove-icon"", first used at line 6104","1min","1min","alextorres@sunedu.gob.pe","2025-10-15T09:19:37+0000","2026-03-12T14:36:49+0000","","http://localhost:9000/project/issues?id=si091_reginsa_frontend&issues=AZzie9Y2Hru0ZB8CW9f9&open=AZzie9Y2Hru0ZB8CW9f9"
"si091_reginsa_frontend","AZzie9Y2Hru0ZB8CW9f1","BUG","MAJOR","OPEN",,"si091_reginsa_frontend:src/assets/layout/styles/theme/theme-dim/orange/theme.css","6364","css:S4649","Unexpected missing generic font family","1min","1min","alextorres@sunedu.gob.pe","2025-10-15T09:19:37+0000","2026-03-12T14:36:49+0000","","http://localhost:9000/project/issues?id=si091_reginsa_frontend&issues=AZzie9Y2Hru0ZB8CW9f1&open=AZzie9Y2Hru0ZB8CW9f1"
"si091_reginsa_frontend","AZzie9Y2Hru0ZB8CW9f2","BUG","MAJOR","OPEN",,"si091_reginsa_frontend:src/assets/layout/styles/theme/theme-dim/orange/theme.css","6372","css:S4649","Unexpected missing generic font family","1min","1min","alextorres@sunedu.gob.pe","2025-10-15T09:19:37+0000","2026-03-12T14:36:49+0000","","http://localhost:9000/project/issues?id=si091_reginsa_frontend&issues=AZzie9Y2Hru0ZB8CW9f2&open=AZzie9Y2Hru0ZB8CW9f2"
"si091_reginsa_frontend","AZzie9Y2Hru0ZB8CW9f3","BUG","MAJOR","OPEN",,"si091_reginsa_frontend:src/assets/layout/styles/theme/theme-dim/orange/theme.css","6453","css:S4649","Unexpected missing generic font family","1min","1min","alextorres@sunedu.gob.pe","2025-10-15T09:19:37+0000","2026-03-12T14:36:49+0000","","http://localhost:9000/project/issues?id=si091_reginsa_frontend&issues=AZzie9Y2Hru0ZB8CW9f3&open=AZzie9Y2Hru0ZB8CW9f3"
"si091_reginsa_frontend","AZzie9Y2Hru0ZB8CW9f4","BUG","MAJOR","OPEN",,"si091_reginsa_frontend:src/assets/layout/styles/theme/theme-dim/orange/theme.css","6532","css:S4649","Unexpected missing generic font family","1min","1min","alextorres@sunedu.gob.pe","2025-10-15T09:19:37+0000","2026-03-12T14:36:49+0000","","http://localhost:9000/project/issues?id=si091_reginsa_frontend&issues=AZzie9Y2Hru0ZB8CW9f4&open=AZzie9Y2Hru0ZB8CW9f4"
"si091_reginsa_frontend","AZzie9Y2Hru0ZB8CW9f5","BUG","MAJOR","OPEN",,"si091_reginsa_frontend:src/assets/layout/styles/theme/theme-dim/orange/theme.css","6540","css:S4649","Unexpected missing generic font family","1min","1min","alextorres@sunedu.gob.pe","2025-10-15T09:19:37+0000","2026-03-12T14:36:49+0000","","http://localhost:9000/project/issues?id=si091_reginsa_frontend&issues=AZzie9Y2Hru0ZB8CW9f5&open=AZzie9Y2Hru0ZB8CW9f5"
"si091_reginsa_frontend","AZzie9XlHru0ZB8CW9fS","CODE_SMELL","MAJOR","OPEN",,"si091_reginsa_frontend:src/assets/layout/styles/theme/theme-dim/pink/theme.css","55","css:S4666","Unexpected duplicate selector "":root"", first used at line 1","1min","1min","alextorres@sunedu.gob.pe","2025-10-15T09:19:37+0000","2026-03-12T14:36:49+0000","","http://localhost:9000/project/issues?id=si091_reginsa_frontend&issues=AZzie9XlHru0ZB8CW9fS&open=AZzie9XlHru0ZB8CW9fS"
"si091_reginsa_frontend","AZzie9XlHru0ZB8CW9fT","CODE_SMELL","MAJOR","OPEN",,"si091_reginsa_frontend:src/assets/layout/styles/theme/theme-dim/pink/theme.css","1202","css:S4666","Unexpected duplicate selector "".p-inputswitch.p-inputswitch-checked .p-inputswitch-slider:before"", first used at line 1188","1min","1min","alextorres@sunedu.gob.pe","2025-10-15T09:19:37+0000","2026-03-12T14:36:49+0000","","http://localhost:9000/project/issues?id=si091_reginsa_frontend&issues=AZzie9XlHru0ZB8CW9fT&open=AZzie9XlHru0ZB8CW9fT"
"si091_reginsa_frontend","AZzie9XlHru0ZB8CW9fU","CODE_SMELL","MAJOR","OPEN",,"si091_reginsa_frontend:src/assets/layout/styles/theme/theme-dim/pink/theme.css","5165","css:S4666","Unexpected duplicate selector "".p-menubar .p-menubar-root-list .p-menuitem"", first used at line 5141","1min","1min","alextorres@sunedu.gob.pe","2025-10-15T09:19:37+0000","2026-03-12T14:36:49+0000","","http://localhost:9000/project/issues?id=si091_reginsa_frontend&issues=AZzie9XlHru0ZB8CW9fU&open=AZzie9XlHru0ZB8CW9fU"
"si091_reginsa_frontend","AZzie9XlHru0ZB8CW9fM","BUG","MAJOR","OPEN",,"si091_reginsa_frontend:src/assets/layout/styles/theme/theme-dim/pink/theme.css","5439","css:S4656","Unexpected duplicate ""background""","1min","1min","alextorres@sunedu.gob.pe","2025-10-15T09:19:37+0000","2026-03-12T14:36:49+0000","","http://localhost:9000/project/issues?id=si091_reginsa_frontend&issues=AZzie9XlHru0ZB8CW9fM&open=AZzie9XlHru0ZB8CW9fM"
"si091_reginsa_frontend","AZzie9XlHru0ZB8CW9fV","CODE_SMELL","MAJOR","OPEN",,"si091_reginsa_frontend:src/assets/layout/styles/theme/theme-dim/pink/theme.css","6113","css:S4666","Unexpected duplicate selector "".p-chip .pi-chip-remove-icon"", first used at line 6104","1min","1min","alextorres@sunedu.gob.pe","2025-10-15T09:19:37+0000","2026-03-12T14:36:49+0000","","http://localhost:9000/project/issues?id=si091_reginsa_frontend&issues=AZzie9XlHru0ZB8CW9fV&open=AZzie9XlHru0ZB8CW9fV"
"si091_reginsa_frontend","AZzie9XlHru0ZB8CW9fN","BUG","MAJOR","OPEN",,"si091_reginsa_frontend:src/assets/layout/styles/theme/theme-dim/pink/theme.css","6364","css:S4649","Unexpected missing generic font family","1min","1min","alextorres@sunedu.gob.pe","2025-10-15T09:19:37+0000","2026-03-12T14:36:49+0000","","http://localhost:9000/project/issues?id=si091_reginsa_frontend&issues=AZzie9XlHru0ZB8CW9fN&open=AZzie9XlHru0ZB8CW9fN"
"si091_reginsa_frontend","AZzie9XlHru0ZB8CW9fO","BUG","MAJOR","OPEN",,"si091_reginsa_frontend:src/assets/layout/styles/theme/theme-dim/pink/theme.css","6372","css:S4649","Unexpected missing generic font family","1min","1min","alextorres@sunedu.gob.pe","2025-10-15T09:19:37+0000","2026-03-12T14:36:49+0000","","http://localhost:9000/project/issues?id=si091_reginsa_frontend&issues=AZzie9XlHru0ZB8CW9fO&open=AZzie9XlHru0ZB8CW9fO"
"si091_reginsa_frontend","AZzie9XlHru0ZB8CW9fP","BUG","MAJOR","OPEN",,"si091_reginsa_frontend:src/assets/layout/styles/theme/theme-dim/pink/theme.css","6453","css:S4649","Unexpected missing generic font family","1min","1min","alextorres@sunedu.gob.pe","2025-10-15T09:19:37+0000","2026-03-12T14:36:49+0000","","http://localhost:9000/project/issues?id=si091_reginsa_frontend&issues=AZzie9XlHru0ZB8CW9fP&open=AZzie9XlHru0ZB8CW9fP"
"si091_reginsa_frontend","AZzie9XlHru0ZB8CW9fQ","BUG","MAJOR","OPEN",,"si091_reginsa_frontend:src/assets/layout/styles/theme/theme-dim/pink/theme.css","6532","css:S4649","Unexpected missing generic font family","1min","1min","alextorres@sunedu.gob.pe","2025-10-15T09:19:37+0000","2026-03-12T14:36:49+0000","","http://localhost:9000/project/issues?id=si091_reginsa_frontend&issues=AZzie9XlHru0ZB8CW9fQ&open=AZzie9XlHru0ZB8CW9fQ"
"si091_reginsa_frontend","AZzie9XlHru0ZB8CW9fR","BUG","MAJOR","OPEN",,"si091_reginsa_frontend:src/assets/layout/styles/theme/theme-dim/pink/theme.css","6540","css:S4649","Unexpected missing generic font family","1min","1min","alextorres@sunedu.gob.pe","2025-10-15T09:19:37+0000","2026-03-12T14:36:49+0000","","http://localhost:9000/project/issues?id=si091_reginsa_frontend&issues=AZzie9XlHru0ZB8CW9fR&open=AZzie9XlHru0ZB8CW9fR"
"si091_reginsa_frontend","AZzie9YXHru0ZB8CW9fm","CODE_SMELL","MAJOR","OPEN",,"si091_reginsa_frontend:src/assets/layout/styles/theme/theme-dim/purple/theme.css","55","css:S4666","Unexpected duplicate selector "":root"", first used at line 1","1min","1min","alextorres@sunedu.gob.pe","2025-10-15T09:19:37+0000","2026-03-12T14:36:49+0000","","http://localhost:9000/project/issues?id=si091_reginsa_frontend&issues=AZzie9YXHru0ZB8CW9fm&open=AZzie9YXHru0ZB8CW9fm"
"si091_reginsa_frontend","AZzie9YXHru0ZB8CW9fn","CODE_SMELL","MAJOR","OPEN",,"si091_reginsa_frontend:src/assets/layout/styles/theme/theme-dim/purple/theme.css","1202","css:S4666","Unexpected duplicate selector "".p-inputswitch.p-inputswitch-checked .p-inputswitch-slider:before"", first used at line 1188","1min","1min","alextorres@sunedu.gob.pe","2025-10-15T09:19:37+0000","2026-03-12T14:36:49+0000","","http://localhost:9000/project/issues?id=si091_reginsa_frontend&issues=AZzie9YXHru0ZB8CW9fn&open=AZzie9YXHru0ZB8CW9fn"
"si091_reginsa_frontend","AZzie9YXHru0ZB8CW9fo","CODE_SMELL","MAJOR","OPEN",,"si091_reginsa_frontend:src/assets/layout/styles/theme/theme-dim/purple/theme.css","5165","css:S4666","Unexpected duplicate selector "".p-menubar .p-menubar-root-list .p-menuitem"", first used at line 5141","1min","1min","alextorres@sunedu.gob.pe","2025-10-15T09:19:37+0000","2026-03-12T14:36:49+0000","","http://localhost:9000/project/issues?id=si091_reginsa_frontend&issues=AZzie9YXHru0ZB8CW9fo&open=AZzie9YXHru0ZB8CW9fo"
"si091_reginsa_frontend","AZzie9YWHru0ZB8CW9fg","BUG","MAJOR","OPEN",,"si091_reginsa_frontend:src/assets/layout/styles/theme/theme-dim/purple/theme.css","5439","css:S4656","Unexpected duplicate ""background""","1min","1min","alextorres@sunedu.gob.pe","2025-10-15T09:19:37+0000","2026-03-12T14:36:49+0000","","http://localhost:9000/project/issues?id=si091_reginsa_frontend&issues=AZzie9YWHru0ZB8CW9fg&open=AZzie9YWHru0ZB8CW9fg"
"si091_reginsa_frontend","AZzie9YXHru0ZB8CW9fp","CODE_SMELL","MAJOR","OPEN",,"si091_reginsa_frontend:src/assets/layout/styles/theme/theme-dim/purple/theme.css","6113","css:S4666","Unexpected duplicate selector "".p-chip .pi-chip-remove-icon"", first used at line 6104","1min","1min","alextorres@sunedu.gob.pe","2025-10-15T09:19:37+0000","2026-03-12T14:36:49+0000","","http://localhost:9000/project/issues?id=si091_reginsa_frontend&issues=AZzie9YXHru0ZB8CW9fp&open=AZzie9YXHru0ZB8CW9fp"
"si091_reginsa_frontend","AZzie9YWHru0ZB8CW9fh","BUG","MAJOR","OPEN",,"si091_reginsa_frontend:src/assets/layout/styles/theme/theme-dim/purple/theme.css","6364","css:S4649","Unexpected missing generic font family","1min","1min","alextorres@sunedu.gob.pe","2025-10-15T09:19:37+0000","2026-03-12T14:36:49+0000","","http://localhost:9000/project/issues?id=si091_reginsa_frontend&issues=AZzie9YWHru0ZB8CW9fh&open=AZzie9YWHru0ZB8CW9fh"
"si091_reginsa_frontend","AZzie9YWHru0ZB8CW9fi","BUG","MAJOR","OPEN",,"si091_reginsa_frontend:src/assets/layout/styles/theme/theme-dim/purple/theme.css","6372","css:S4649","Unexpected missing generic font family","1min","1min","alextorres@sunedu.gob.pe","2025-10-15T09:19:37+0000","2026-03-12T14:36:49+0000","","http://localhost:9000/project/issues?id=si091_reginsa_frontend&issues=AZzie9YWHru0ZB8CW9fi&open=AZzie9YWHru0ZB8CW9fi"
"si091_reginsa_frontend","AZzie9YXHru0ZB8CW9fj","BUG","MAJOR","OPEN",,"si091_reginsa_frontend:src/assets/layout/styles/theme/theme-dim/purple/theme.css","6453","css:S4649","Unexpected missing generic font family","1min","1min","alextorres@sunedu.gob.pe","2025-10-15T09:19:37+0000","2026-03-12T14:36:49+0000","","http://localhost:9000/project/issues?id=si091_reginsa_frontend&issues=AZzie9YXHru0ZB8CW9fj&open=AZzie9YXHru0ZB8CW9fj"
"si091_reginsa_frontend","AZzie9YXHru0ZB8CW9fk","BUG","MAJOR","OPEN",,"si091_reginsa_frontend:src/assets/layout/styles/theme/theme-dim/purple/theme.css","6532","css:S4649","Unexpected missing generic font family","1min","1min","alextorres@sunedu.gob.pe","2025-10-15T09:19:37+0000","2026-03-12T14:36:49+0000","","http://localhost:9000/project/issues?id=si091_reginsa_frontend&issues=AZzie9YXHru0ZB8CW9fk&open=AZzie9YXHru0ZB8CW9fk"
"si091_reginsa_frontend","AZzie9YXHru0ZB8CW9fl","BUG","MAJOR","OPEN",,"si091_reginsa_frontend:src/assets/layout/styles/theme/theme-dim/purple/theme.css","6540","css:S4649","Unexpected missing generic font family","1min","1min","alextorres@sunedu.gob.pe","2025-10-15T09:19:37+0000","2026-03-12T14:36:49+0000","","http://localhost:9000/project/issues?id=si091_reginsa_frontend&issues=AZzie9YXHru0ZB8CW9fl&open=AZzie9YXHru0ZB8CW9fl"
"si091_reginsa_frontend","AZzie9ZqHru0ZB8CW9gY","CODE_SMELL","MAJOR","OPEN",,"si091_reginsa_frontend:src/assets/layout/styles/theme/theme-dim/teal/theme.css","55","css:S4666","Unexpected duplicate selector "":root"", first used at line 1","1min","1min","alextorres@sunedu.gob.pe","2025-10-15T09:19:37+0000","2026-03-12T14:36:49+0000","","http://localhost:9000/project/issues?id=si091_reginsa_frontend&issues=AZzie9ZqHru0ZB8CW9gY&open=AZzie9ZqHru0ZB8CW9gY"
"si091_reginsa_frontend","AZzie9ZqHru0ZB8CW9gZ","CODE_SMELL","MAJOR","OPEN",,"si091_reginsa_frontend:src/assets/layout/styles/theme/theme-dim/teal/theme.css","1202","css:S4666","Unexpected duplicate selector "".p-inputswitch.p-inputswitch-checked .p-inputswitch-slider:before"", first used at line 1188","1min","1min","alextorres@sunedu.gob.pe","2025-10-15T09:19:37+0000","2026-03-12T14:36:49+0000","","http://localhost:9000/project/issues?id=si091_reginsa_frontend&issues=AZzie9ZqHru0ZB8CW9gZ&open=AZzie9ZqHru0ZB8CW9gZ"
"si091_reginsa_frontend","AZzie9ZqHru0ZB8CW9ga","CODE_SMELL","MAJOR","OPEN",,"si091_reginsa_frontend:src/assets/layout/styles/theme/theme-dim/teal/theme.css","5165","css:S4666","Unexpected duplicate selector "".p-menubar .p-menubar-root-list .p-menuitem"", first used at line 5141","1min","1min","alextorres@sunedu.gob.pe","2025-10-15T09:19:37+0000","2026-03-12T14:36:49+0000","","http://localhost:9000/project/issues?id=si091_reginsa_frontend&issues=AZzie9ZqHru0ZB8CW9ga&open=AZzie9ZqHru0ZB8CW9ga"
"si091_reginsa_frontend","AZzie9ZqHru0ZB8CW9gS","BUG","MAJOR","OPEN",,"si091_reginsa_frontend:src/assets/layout/styles/theme/theme-dim/teal/theme.css","5439","css:S4656","Unexpected duplicate ""background""","1min","1min","alextorres@sunedu.gob.pe","2025-10-15T09:19:37+0000","2026-03-12T14:36:49+0000","","http://localhost:9000/project/issues?id=si091_reginsa_frontend&issues=AZzie9ZqHru0ZB8CW9gS&open=AZzie9ZqHru0ZB8CW9gS"
"si091_reginsa_frontend","AZzie9ZqHru0ZB8CW9gb","CODE_SMELL","MAJOR","OPEN",,"si091_reginsa_frontend:src/assets/layout/styles/theme/theme-dim/teal/theme.css","6113","css:S4666","Unexpected duplicate selector "".p-chip .pi-chip-remove-icon"", first used at line 6104","1min","1min","alextorres@sunedu.gob.pe","2025-10-15T09:19:37+0000","2026-03-12T14:36:49+0000","","http://localhost:9000/project/issues?id=si091_reginsa_frontend&issues=AZzie9ZqHru0ZB8CW9gb&open=AZzie9ZqHru0ZB8CW9gb"
"si091_reginsa_frontend","AZzie9ZqHru0ZB8CW9gT","BUG","MAJOR","OPEN",,"si091_reginsa_frontend:src/assets/layout/styles/theme/theme-dim/teal/theme.css","6364","css:S4649","Unexpected missing generic font family","1min","1min","alextorres@sunedu.gob.pe","2025-10-15T09:19:37+0000","2026-03-12T14:36:49+0000","","http://localhost:9000/project/issues?id=si091_reginsa_frontend&issues=AZzie9ZqHru0ZB8CW9gT&open=AZzie9ZqHru0ZB8CW9gT"
"si091_reginsa_frontend","AZzie9ZqHru0ZB8CW9gU","BUG","MAJOR","OPEN",,"si091_reginsa_frontend:src/assets/layout/styles/theme/theme-dim/teal/theme.css","6372","css:S4649","Unexpected missing generic font family","1min","1min","alextorres@sunedu.gob.pe","2025-10-15T09:19:37+0000","2026-03-12T14:36:49+0000","","http://localhost:9000/project/issues?id=si091_reginsa_frontend&issues=AZzie9ZqHru0ZB8CW9gU&open=AZzie9ZqHru0ZB8CW9gU"
"si091_reginsa_frontend","AZzie9ZqHru0ZB8CW9gV","BUG","MAJOR","OPEN",,"si091_reginsa_frontend:src/assets/layout/styles/theme/theme-dim/teal/theme.css","6453","css:S4649","Unexpected missing generic font family","1min","1min","alextorres@sunedu.gob.pe","2025-10-15T09:19:37+0000","2026-03-12T14:36:49+0000","","http://localhost:9000/project/issues?id=si091_reginsa_frontend&issues=AZzie9ZqHru0ZB8CW9gV&open=AZzie9ZqHru0ZB8CW9gV"
"si091_reginsa_frontend","AZzie9ZqHru0ZB8CW9gW","BUG","MAJOR","OPEN",,"si091_reginsa_frontend:src/assets/layout/styles/theme/theme-dim/teal/theme.css","6532","css:S4649","Unexpected missing generic font family","1min","1min","alextorres@sunedu.gob.pe","2025-10-15T09:19:37+0000","2026-03-12T14:36:49+0000","","http://localhost:9000/project/issues?id=si091_reginsa_frontend&issues=AZzie9ZqHru0ZB8CW9gW&open=AZzie9ZqHru0ZB8CW9gW"
"si091_reginsa_frontend","AZzie9ZqHru0ZB8CW9gX","BUG","MAJOR","OPEN",,"si091_reginsa_frontend:src/assets/layout/styles/theme/theme-dim/teal/theme.css","6540","css:S4649","Unexpected missing generic font family","1min","1min","alextorres@sunedu.gob.pe","2025-10-15T09:19:37+0000","2026-03-12T14:36:49+0000","","http://localhost:9000/project/issues?id=si091_reginsa_frontend&issues=AZzie9ZqHru0ZB8CW9gX&open=AZzie9ZqHru0ZB8CW9gX"
"si091_reginsa_frontend","AZzie9WlHru0ZB8CW9e0","CODE_SMELL","MAJOR","OPEN",,"si091_reginsa_frontend:src/assets/layout/styles/theme/theme-light/blue/theme.css","55","css:S4666","Unexpected duplicate selector "":root"", first used at line 1","1min","1min","alextorres@sunedu.gob.pe","2025-10-15T09:19:37+0000","2026-03-12T14:36:49+0000","","http://localhost:9000/project/issues?id=si091_reginsa_frontend&issues=AZzie9WlHru0ZB8CW9e0&open=AZzie9WlHru0ZB8CW9e0"
"si091_reginsa_frontend","AZzie9WlHru0ZB8CW9e1","CODE_SMELL","MAJOR","OPEN",,"si091_reginsa_frontend:src/assets/layout/styles/theme/theme-light/blue/theme.css","1202","css:S4666","Unexpected duplicate selector "".p-inputswitch.p-inputswitch-checked .p-inputswitch-slider:before"", first used at line 1188","1min","1min","alextorres@sunedu.gob.pe","2025-10-15T09:19:37+0000","2026-03-12T14:36:49+0000","","http://localhost:9000/project/issues?id=si091_reginsa_frontend&issues=AZzie9WlHru0ZB8CW9e1&open=AZzie9WlHru0ZB8CW9e1"
"si091_reginsa_frontend","AZzie9WlHru0ZB8CW9e2","CODE_SMELL","MAJOR","OPEN",,"si091_reginsa_frontend:src/assets/layout/styles/theme/theme-light/blue/theme.css","5165","css:S4666","Unexpected duplicate selector "".p-menubar .p-menubar-root-list .p-menuitem"", first used at line 5141","1min","1min","alextorres@sunedu.gob.pe","2025-10-15T09:19:37+0000","2026-03-12T14:36:49+0000","","http://localhost:9000/project/issues?id=si091_reginsa_frontend&issues=AZzie9WlHru0ZB8CW9e2&open=AZzie9WlHru0ZB8CW9e2"
"si091_reginsa_frontend","AZzie9WlHru0ZB8CW9eu","BUG","MAJOR","OPEN",,"si091_reginsa_frontend:src/assets/layout/styles/theme/theme-light/blue/theme.css","5439","css:S4656","Unexpected duplicate ""background""","1min","1min","alextorres@sunedu.gob.pe","2025-10-15T09:19:37+0000","2026-03-12T14:36:49+0000","","http://localhost:9000/project/issues?id=si091_reginsa_frontend&issues=AZzie9WlHru0ZB8CW9eu&open=AZzie9WlHru0ZB8CW9eu"
"si091_reginsa_frontend","AZzie9WlHru0ZB8CW9e3","CODE_SMELL","MAJOR","OPEN",,"si091_reginsa_frontend:src/assets/layout/styles/theme/theme-light/blue/theme.css","6113","css:S4666","Unexpected duplicate selector "".p-chip .pi-chip-remove-icon"", first used at line 6104","1min","1min","alextorres@sunedu.gob.pe","2025-10-15T09:19:37+0000","2026-03-12T14:36:49+0000","","http://localhost:9000/project/issues?id=si091_reginsa_frontend&issues=AZzie9WlHru0ZB8CW9e3&open=AZzie9WlHru0ZB8CW9e3"
"si091_reginsa_frontend","AZzie9WlHru0ZB8CW9ev","BUG","MAJOR","OPEN",,"si091_reginsa_frontend:src/assets/layout/styles/theme/theme-light/blue/theme.css","6356","css:S4649","Unexpected missing generic font family","1min","1min","alextorres@sunedu.gob.pe","2025-10-15T09:19:37+0000","2026-03-12T14:36:49+0000","","http://localhost:9000/project/issues?id=si091_reginsa_frontend&issues=AZzie9WlHru0ZB8CW9ev&open=AZzie9WlHru0ZB8CW9ev"
"si091_reginsa_frontend","AZzie9WlHru0ZB8CW9ew","BUG","MAJOR","OPEN",,"si091_reginsa_frontend:src/assets/layout/styles/theme/theme-light/blue/theme.css","6364","css:S4649","Unexpected missing generic font family","1min","1min","alextorres@sunedu.gob.pe","2025-10-15T09:19:37+0000","2026-03-12T14:36:49+0000","","http://localhost:9000/project/issues?id=si091_reginsa_frontend&issues=AZzie9WlHru0ZB8CW9ew&open=AZzie9WlHru0ZB8CW9ew"
"si091_reginsa_frontend","AZzie9WlHru0ZB8CW9ex","BUG","MAJOR","OPEN",,"si091_reginsa_frontend:src/assets/layout/styles/theme/theme-light/blue/theme.css","6445","css:S4649","Unexpected missing generic font family","1min","1min","alextorres@sunedu.gob.pe","2025-10-15T09:19:37+0000","2026-03-12T14:36:49+0000","","http://localhost:9000/project/issues?id=si091_reginsa_frontend&issues=AZzie9WlHru0ZB8CW9ex&open=AZzie9WlHru0ZB8CW9ex"
"si091_reginsa_frontend","AZzie9WlHru0ZB8CW9ey","BUG","MAJOR","OPEN",,"si091_reginsa_frontend:src/assets/layout/styles/theme/theme-light/blue/theme.css","6524","css:S4649","Unexpected missing generic font family","1min","1min","alextorres@sunedu.gob.pe","2025-10-15T09:19:37+0000","2026-03-12T14:36:49+0000","","http://localhost:9000/project/issues?id=si091_reginsa_frontend&issues=AZzie9WlHru0ZB8CW9ey&open=AZzie9WlHru0ZB8CW9ey"
"si091_reginsa_frontend","AZzie9WlHru0ZB8CW9ez","BUG","MAJOR","OPEN",,"si091_reginsa_frontend:src/assets/layout/styles/theme/theme-light/blue/theme.css","6532","css:S4649","Unexpected missing generic font family","1min","1min","alextorres@sunedu.gob.pe","2025-10-15T09:19:37+0000","2026-03-12T14:36:49+0000","","http://localhost:9000/project/issues?id=si091_reginsa_frontend&issues=AZzie9WlHru0ZB8CW9ez&open=AZzie9WlHru0ZB8CW9ez"
"si091_reginsa_frontend","AZzie9VaHru0ZB8CW9eM","CODE_SMELL","MAJOR","OPEN",,"si091_reginsa_frontend:src/assets/layout/styles/theme/theme-light/cyan/theme.css","55","css:S4666","Unexpected duplicate selector "":root"", first used at line 1","1min","1min","alextorres@sunedu.gob.pe","2025-10-15T09:19:37+0000","2026-03-12T14:36:49+0000","","http://localhost:9000/project/issues?id=si091_reginsa_frontend&issues=AZzie9VaHru0ZB8CW9eM&open=AZzie9VaHru0ZB8CW9eM"
"si091_reginsa_frontend","AZzie9VaHru0ZB8CW9eN","CODE_SMELL","MAJOR","OPEN",,"si091_reginsa_frontend:src/assets/layout/styles/theme/theme-light/cyan/theme.css","1202","css:S4666","Unexpected duplicate selector "".p-inputswitch.p-inputswitch-checked .p-inputswitch-slider:before"", first used at line 1188","1min","1min","alextorres@sunedu.gob.pe","2025-10-15T09:19:37+0000","2026-03-12T14:36:49+0000","","http://localhost:9000/project/issues?id=si091_reginsa_frontend&issues=AZzie9VaHru0ZB8CW9eN&open=AZzie9VaHru0ZB8CW9eN"
"si091_reginsa_frontend","AZzie9VaHru0ZB8CW9eO","CODE_SMELL","MAJOR","OPEN",,"si091_reginsa_frontend:src/assets/layout/styles/theme/theme-light/cyan/theme.css","5165","css:S4666","Unexpected duplicate selector "".p-menubar .p-menubar-root-list .p-menuitem"", first used at line 5141","1min","1min","alextorres@sunedu.gob.pe","2025-10-15T09:19:37+0000","2026-03-12T14:36:49+0000","","http://localhost:9000/project/issues?id=si091_reginsa_frontend&issues=AZzie9VaHru0ZB8CW9eO&open=AZzie9VaHru0ZB8CW9eO"
"si091_reginsa_frontend","AZzie9VaHru0ZB8CW9eG","BUG","MAJOR","OPEN",,"si091_reginsa_frontend:src/assets/layout/styles/theme/theme-light/cyan/theme.css","5439","css:S4656","Unexpected duplicate ""background""","1min","1min","alextorres@sunedu.gob.pe","2025-10-15T09:19:37+0000","2026-03-12T14:36:49+0000","","http://localhost:9000/project/issues?id=si091_reginsa_frontend&issues=AZzie9VaHru0ZB8CW9eG&open=AZzie9VaHru0ZB8CW9eG"
"si091_reginsa_frontend","AZzie9VaHru0ZB8CW9eP","CODE_SMELL","MAJOR","OPEN",,"si091_reginsa_frontend:src/assets/layout/styles/theme/theme-light/cyan/theme.css","6113","css:S4666","Unexpected duplicate selector "".p-chip .pi-chip-remove-icon"", first used at line 6104","1min","1min","alextorres@sunedu.gob.pe","2025-10-15T09:19:37+0000","2026-03-12T14:36:49+0000","","http://localhost:9000/project/issues?id=si091_reginsa_frontend&issues=AZzie9VaHru0ZB8CW9eP&open=AZzie9VaHru0ZB8CW9eP"
"si091_reginsa_frontend","AZzie9VaHru0ZB8CW9eH","BUG","MAJOR","OPEN",,"si091_reginsa_frontend:src/assets/layout/styles/theme/theme-light/cyan/theme.css","6356","css:S4649","Unexpected missing generic font family","1min","1min","alextorres@sunedu.gob.pe","2025-10-15T09:19:37+0000","2026-03-12T14:36:49+0000","","http://localhost:9000/project/issues?id=si091_reginsa_frontend&issues=AZzie9VaHru0ZB8CW9eH&open=AZzie9VaHru0ZB8CW9eH"
"si091_reginsa_frontend","AZzie9VaHru0ZB8CW9eI","BUG","MAJOR","OPEN",,"si091_reginsa_frontend:src/assets/layout/styles/theme/theme-light/cyan/theme.css","6364","css:S4649","Unexpected missing generic font family","1min","1min","alextorres@sunedu.gob.pe","2025-10-15T09:19:37+0000","2026-03-12T14:36:49+0000","","http://localhost:9000/project/issues?id=si091_reginsa_frontend&issues=AZzie9VaHru0ZB8CW9eI&open=AZzie9VaHru0ZB8CW9eI"
"si091_reginsa_frontend","AZzie9VaHru0ZB8CW9eJ","BUG","MAJOR","OPEN",,"si091_reginsa_frontend:src/assets/layout/styles/theme/theme-light/cyan/theme.css","6445","css:S4649","Unexpected missing generic font family","1min","1min","alextorres@sunedu.gob.pe","2025-10-15T09:19:37+0000","2026-03-12T14:36:49+0000","","http://localhost:9000/project/issues?id=si091_reginsa_frontend&issues=AZzie9VaHru0ZB8CW9eJ&open=AZzie9VaHru0ZB8CW9eJ"
"si091_reginsa_frontend","AZzie9VaHru0ZB8CW9eK","BUG","MAJOR","OPEN",,"si091_reginsa_frontend:src/assets/layout/styles/theme/theme-light/cyan/theme.css","6524","css:S4649","Unexpected missing generic font family","1min","1min","alextorres@sunedu.gob.pe","2025-10-15T09:19:37+0000","2026-03-12T14:36:49+0000","","http://localhost:9000/project/issues?id=si091_reginsa_frontend&issues=AZzie9VaHru0ZB8CW9eK&open=AZzie9VaHru0ZB8CW9eK"
"si091_reginsa_frontend","AZzie9VaHru0ZB8CW9eL","BUG","MAJOR","OPEN",,"si091_reginsa_frontend:src/assets/layout/styles/theme/theme-light/cyan/theme.css","6532","css:S4649","Unexpected missing generic font family","1min","1min","alextorres@sunedu.gob.pe","2025-10-15T09:19:37+0000","2026-03-12T14:36:49+0000","","http://localhost:9000/project/issues?id=si091_reginsa_frontend&issues=AZzie9VaHru0ZB8CW9eL&open=AZzie9VaHru0ZB8CW9eL"
"si091_reginsa_frontend","AZzie9VBHru0ZB8CW9eC","CODE_SMELL","MAJOR","OPEN",,"si091_reginsa_frontend:src/assets/layout/styles/theme/theme-light/green/theme.css","55","css:S4666","Unexpected duplicate selector "":root"", first used at line 1","1min","1min","alextorres@sunedu.gob.pe","2025-10-15T09:19:37+0000","2026-03-12T14:36:49+0000","","http://localhost:9000/project/issues?id=si091_reginsa_frontend&issues=AZzie9VBHru0ZB8CW9eC&open=AZzie9VBHru0ZB8CW9eC"
"si091_reginsa_frontend","AZzie9VBHru0ZB8CW9eD","CODE_SMELL","MAJOR","OPEN",,"si091_reginsa_frontend:src/assets/layout/styles/theme/theme-light/green/theme.css","1202","css:S4666","Unexpected duplicate selector "".p-inputswitch.p-inputswitch-checked .p-inputswitch-slider:before"", first used at line 1188","1min","1min","alextorres@sunedu.gob.pe","2025-10-15T09:19:37+0000","2026-03-12T14:36:49+0000","","http://localhost:9000/project/issues?id=si091_reginsa_frontend&issues=AZzie9VBHru0ZB8CW9eD&open=AZzie9VBHru0ZB8CW9eD"
"si091_reginsa_frontend","AZzie9VBHru0ZB8CW9eE","CODE_SMELL","MAJOR","OPEN",,"si091_reginsa_frontend:src/assets/layout/styles/theme/theme-light/green/theme.css","5165","css:S4666","Unexpected duplicate selector "".p-menubar .p-menubar-root-list .p-menuitem"", first used at line 5141","1min","1min","alextorres@sunedu.gob.pe","2025-10-15T09:19:37+0000","2026-03-12T14:36:49+0000","","http://localhost:9000/project/issues?id=si091_reginsa_frontend&issues=AZzie9VBHru0ZB8CW9eE&open=AZzie9VBHru0ZB8CW9eE"
"si091_reginsa_frontend","AZzie9VBHru0ZB8CW9d8","BUG","MAJOR","OPEN",,"si091_reginsa_frontend:src/assets/layout/styles/theme/theme-light/green/theme.css","5439","css:S4656","Unexpected duplicate ""background""","1min","1min","alextorres@sunedu.gob.pe","2025-10-15T09:19:37+0000","2026-03-12T14:36:49+0000","","http://localhost:9000/project/issues?id=si091_reginsa_frontend&issues=AZzie9VBHru0ZB8CW9d8&open=AZzie9VBHru0ZB8CW9d8"
"si091_reginsa_frontend","AZzie9VBHru0ZB8CW9eF","CODE_SMELL","MAJOR","OPEN",,"si091_reginsa_frontend:src/assets/layout/styles/theme/theme-light/green/theme.css","6113","css:S4666","Unexpected duplicate selector "".p-chip .pi-chip-remove-icon"", first used at line 6104","1min","1min","alextorres@sunedu.gob.pe","2025-10-15T09:19:37+0000","2026-03-12T14:36:49+0000","","http://localhost:9000/project/issues?id=si091_reginsa_frontend&issues=AZzie9VBHru0ZB8CW9eF&open=AZzie9VBHru0ZB8CW9eF"
"si091_reginsa_frontend","AZzie9VBHru0ZB8CW9d9","BUG","MAJOR","OPEN",,"si091_reginsa_frontend:src/assets/layout/styles/theme/theme-light/green/theme.css","6356","css:S4649","Unexpected missing generic font family","1min","1min","alextorres@sunedu.gob.pe","2025-10-15T09:19:37+0000","2026-03-12T14:36:49+0000","","http://localhost:9000/project/issues?id=si091_reginsa_frontend&issues=AZzie9VBHru0ZB8CW9d9&open=AZzie9VBHru0ZB8CW9d9"
"si091_reginsa_frontend","AZzie9VBHru0ZB8CW9d-","BUG","MAJOR","OPEN",,"si091_reginsa_frontend:src/assets/layout/styles/theme/theme-light/green/theme.css","6364","css:S4649","Unexpected missing generic font family","1min","1min","alextorres@sunedu.gob.pe","2025-10-15T09:19:37+0000","2026-03-12T14:36:49+0000","","http://localhost:9000/project/issues?id=si091_reginsa_frontend&issues=AZzie9VBHru0ZB8CW9d-&open=AZzie9VBHru0ZB8CW9d-"
"si091_reginsa_frontend","AZzie9VBHru0ZB8CW9d_","BUG","MAJOR","OPEN",,"si091_reginsa_frontend:src/assets/layout/styles/theme/theme-light/green/theme.css","6445","css:S4649","Unexpected missing generic font family","1min","1min","alextorres@sunedu.gob.pe","2025-10-15T09:19:37+0000","2026-03-12T14:36:49+0000","","http://localhost:9000/project/issues?id=si091_reginsa_frontend&issues=AZzie9VBHru0ZB8CW9d_&open=AZzie9VBHru0ZB8CW9d_"
"si091_reginsa_frontend","AZzie9VBHru0ZB8CW9eA","BUG","MAJOR","OPEN",,"si091_reginsa_frontend:src/assets/layout/styles/theme/theme-light/green/theme.css","6524","css:S4649","Unexpected missing generic font family","1min","1min","alextorres@sunedu.gob.pe","2025-10-15T09:19:37+0000","2026-03-12T14:36:49+0000","","http://localhost:9000/project/issues?id=si091_reginsa_frontend&issues=AZzie9VBHru0ZB8CW9eA&open=AZzie9VBHru0ZB8CW9eA"
"si091_reginsa_frontend","AZzie9VBHru0ZB8CW9eB","BUG","MAJOR","OPEN",,"si091_reginsa_frontend:src/assets/layout/styles/theme/theme-light/green/theme.css","6532","css:S4649","Unexpected missing generic font family","1min","1min","alextorres@sunedu.gob.pe","2025-10-15T09:19:37+0000","2026-03-12T14:36:49+0000","","http://localhost:9000/project/issues?id=si091_reginsa_frontend&issues=AZzie9VBHru0ZB8CW9eB&open=AZzie9VBHru0ZB8CW9eB"
"si091_reginsa_frontend","AZzie9V-Hru0ZB8CW9eg","CODE_SMELL","MAJOR","OPEN",,"si091_reginsa_frontend:src/assets/layout/styles/theme/theme-light/indigo/theme.css","55","css:S4666","Unexpected duplicate selector "":root"", first used at line 1","1min","1min","alextorres@sunedu.gob.pe","2025-10-15T09:19:37+0000","2026-03-12T14:36:49+0000","","http://localhost:9000/project/issues?id=si091_reginsa_frontend&issues=AZzie9V-Hru0ZB8CW9eg&open=AZzie9V-Hru0ZB8CW9eg"
"si091_reginsa_frontend","AZzie9V-Hru0ZB8CW9eh","CODE_SMELL","MAJOR","OPEN",,"si091_reginsa_frontend:src/assets/layout/styles/theme/theme-light/indigo/theme.css","1202","css:S4666","Unexpected duplicate selector "".p-inputswitch.p-inputswitch-checked .p-inputswitch-slider:before"", first used at line 1188","1min","1min","alextorres@sunedu.gob.pe","2025-10-15T09:19:37+0000","2026-03-12T14:36:49+0000","","http://localhost:9000/project/issues?id=si091_reginsa_frontend&issues=AZzie9V-Hru0ZB8CW9eh&open=AZzie9V-Hru0ZB8CW9eh"
"si091_reginsa_frontend","AZzie9V-Hru0ZB8CW9ei","CODE_SMELL","MAJOR","OPEN",,"si091_reginsa_frontend:src/assets/layout/styles/theme/theme-light/indigo/theme.css","5165","css:S4666","Unexpected duplicate selector "".p-menubar .p-menubar-root-list .p-menuitem"", first used at line 5141","1min","1min","alextorres@sunedu.gob.pe","2025-10-15T09:19:37+0000","2026-03-12T14:36:49+0000","","http://localhost:9000/project/issues?id=si091_reginsa_frontend&issues=AZzie9V-Hru0ZB8CW9ei&open=AZzie9V-Hru0ZB8CW9ei"
"si091_reginsa_frontend","AZzie9V-Hru0ZB8CW9ea","BUG","MAJOR","OPEN",,"si091_reginsa_frontend:src/assets/layout/styles/theme/theme-light/indigo/theme.css","5439","css:S4656","Unexpected duplicate ""background""","1min","1min","alextorres@sunedu.gob.pe","2025-10-15T09:19:37+0000","2026-03-12T14:36:49+0000","","http://localhost:9000/project/issues?id=si091_reginsa_frontend&issues=AZzie9V-Hru0ZB8CW9ea&open=AZzie9V-Hru0ZB8CW9ea"
"si091_reginsa_frontend","AZzie9V-Hru0ZB8CW9ej","CODE_SMELL","MAJOR","OPEN",,"si091_reginsa_frontend:src/assets/layout/styles/theme/theme-light/indigo/theme.css","6113","css:S4666","Unexpected duplicate selector "".p-chip .pi-chip-remove-icon"", first used at line 6104","1min","1min","alextorres@sunedu.gob.pe","2025-10-15T09:19:37+0000","2026-03-12T14:36:49+0000","","http://localhost:9000/project/issues?id=si091_reginsa_frontend&issues=AZzie9V-Hru0ZB8CW9ej&open=AZzie9V-Hru0ZB8CW9ej"
"si091_reginsa_frontend","AZzie9V-Hru0ZB8CW9eb","BUG","MAJOR","OPEN",,"si091_reginsa_frontend:src/assets/layout/styles/theme/theme-light/indigo/theme.css","6356","css:S4649","Unexpected missing generic font family","1min","1min","alextorres@sunedu.gob.pe","2025-10-15T09:19:37+0000","2026-03-12T14:36:49+0000","","http://localhost:9000/project/issues?id=si091_reginsa_frontend&issues=AZzie9V-Hru0ZB8CW9eb&open=AZzie9V-Hru0ZB8CW9eb"
"si091_reginsa_frontend","AZzie9V-Hru0ZB8CW9ec","BUG","MAJOR","OPEN",,"si091_reginsa_frontend:src/assets/layout/styles/theme/theme-light/indigo/theme.css","6364","css:S4649","Unexpected missing generic font family","1min","1min","alextorres@sunedu.gob.pe","2025-10-15T09:19:37+0000","2026-03-12T14:36:49+0000","","http://localhost:9000/project/issues?id=si091_reginsa_frontend&issues=AZzie9V-Hru0ZB8CW9ec&open=AZzie9V-Hru0ZB8CW9ec"
"si091_reginsa_frontend","AZzie9V-Hru0ZB8CW9ed","BUG","MAJOR","OPEN",,"si091_reginsa_frontend:src/assets/layout/styles/theme/theme-light/indigo/theme.css","6445","css:S4649","Unexpected missing generic font family","1min","1min","alextorres@sunedu.gob.pe","2025-10-15T09:19:37+0000","2026-03-12T14:36:49+0000","","http://localhost:9000/project/issues?id=si091_reginsa_frontend&issues=AZzie9V-Hru0ZB8CW9ed&open=AZzie9V-Hru0ZB8CW9ed"
"si091_reginsa_frontend","AZzie9V-Hru0ZB8CW9ee","BUG","MAJOR","OPEN",,"si091_reginsa_frontend:src/assets/layout/styles/theme/theme-light/indigo/theme.css","6524","css:S4649","Unexpected missing generic font family","1min","1min","alextorres@sunedu.gob.pe","2025-10-15T09:19:37+0000","2026-03-12T14:36:49+0000","","http://localhost:9000/project/issues?id=si091_reginsa_frontend&issues=AZzie9V-Hru0ZB8CW9ee&open=AZzie9V-Hru0ZB8CW9ee"
"si091_reginsa_frontend","AZzie9V-Hru0ZB8CW9ef","BUG","MAJOR","OPEN",,"si091_reginsa_frontend:src/assets/layout/styles/theme/theme-light/indigo/theme.css","6532","css:S4649","Unexpected missing generic font family","1min","1min","alextorres@sunedu.gob.pe","2025-10-15T09:19:37+0000","2026-03-12T14:36:49+0000","","http://localhost:9000/project/issues?id=si091_reginsa_frontend&issues=AZzie9V-Hru0ZB8CW9ef&open=AZzie9V-Hru0ZB8CW9ef"
"si091_reginsa_frontend","AZzie9W3Hru0ZB8CW9e-","CODE_SMELL","MAJOR","OPEN",,"si091_reginsa_frontend:src/assets/layout/styles/theme/theme-light/orange/theme.css","55","css:S4666","Unexpected duplicate selector "":root"", first used at line 1","1min","1min","alextorres@sunedu.gob.pe","2025-10-15T09:19:37+0000","2026-03-12T14:36:49+0000","","http://localhost:9000/project/issues?id=si091_reginsa_frontend&issues=AZzie9W3Hru0ZB8CW9e-&open=AZzie9W3Hru0ZB8CW9e-"
"si091_reginsa_frontend","AZzie9W3Hru0ZB8CW9e_","CODE_SMELL","MAJOR","OPEN",,"si091_reginsa_frontend:src/assets/layout/styles/theme/theme-light/orange/theme.css","1202","css:S4666","Unexpected duplicate selector "".p-inputswitch.p-inputswitch-checked .p-inputswitch-slider:before"", first used at line 1188","1min","1min","alextorres@sunedu.gob.pe","2025-10-15T09:19:37+0000","2026-03-12T14:36:49+0000","","http://localhost:9000/project/issues?id=si091_reginsa_frontend&issues=AZzie9W3Hru0ZB8CW9e_&open=AZzie9W3Hru0ZB8CW9e_"
"si091_reginsa_frontend","AZzie9W3Hru0ZB8CW9fA","CODE_SMELL","MAJOR","OPEN",,"si091_reginsa_frontend:src/assets/layout/styles/theme/theme-light/orange/theme.css","5165","css:S4666","Unexpected duplicate selector "".p-menubar .p-menubar-root-list .p-menuitem"", first used at line 5141","1min","1min","alextorres@sunedu.gob.pe","2025-10-15T09:19:37+0000","2026-03-12T14:36:49+0000","","http://localhost:9000/project/issues?id=si091_reginsa_frontend&issues=AZzie9W3Hru0ZB8CW9fA&open=AZzie9W3Hru0ZB8CW9fA"
"si091_reginsa_frontend","AZzie9W3Hru0ZB8CW9e4","BUG","MAJOR","OPEN",,"si091_reginsa_frontend:src/assets/layout/styles/theme/theme-light/orange/theme.css","5439","css:S4656","Unexpected duplicate ""background""","1min","1min","alextorres@sunedu.gob.pe","2025-10-15T09:19:37+0000","2026-03-12T14:36:49+0000","","http://localhost:9000/project/issues?id=si091_reginsa_frontend&issues=AZzie9W3Hru0ZB8CW9e4&open=AZzie9W3Hru0ZB8CW9e4"
"si091_reginsa_frontend","AZzie9W3Hru0ZB8CW9fB","CODE_SMELL","MAJOR","OPEN",,"si091_reginsa_frontend:src/assets/layout/styles/theme/theme-light/orange/theme.css","6113","css:S4666","Unexpected duplicate selector "".p-chip .pi-chip-remove-icon"", first used at line 6104","1min","1min","alextorres@sunedu.gob.pe","2025-10-15T09:19:37+0000","2026-03-12T14:36:49+0000","","http://localhost:9000/project/issues?id=si091_reginsa_frontend&issues=AZzie9W3Hru0ZB8CW9fB&open=AZzie9W3Hru0ZB8CW9fB"
"si091_reginsa_frontend","AZzie9W3Hru0ZB8CW9e5","BUG","MAJOR","OPEN",,"si091_reginsa_frontend:src/assets/layout/styles/theme/theme-light/orange/theme.css","6356","css:S4649","Unexpected missing generic font family","1min","1min","alextorres@sunedu.gob.pe","2025-10-15T09:19:37+0000","2026-03-12T14:36:49+0000","","http://localhost:9000/project/issues?id=si091_reginsa_frontend&issues=AZzie9W3Hru0ZB8CW9e5&open=AZzie9W3Hru0ZB8CW9e5"
"si091_reginsa_frontend","AZzie9W3Hru0ZB8CW9e6","BUG","MAJOR","OPEN",,"si091_reginsa_frontend:src/assets/layout/styles/theme/theme-light/orange/theme.css","6364","css:S4649","Unexpected missing generic font family","1min","1min","alextorres@sunedu.gob.pe","2025-10-15T09:19:37+0000","2026-03-12T14:36:49+0000","","http://localhost:9000/project/issues?id=si091_reginsa_frontend&issues=AZzie9W3Hru0ZB8CW9e6&open=AZzie9W3Hru0ZB8CW9e6"
"si091_reginsa_frontend","AZzie9W3Hru0ZB8CW9e7","BUG","MAJOR","OPEN",,"si091_reginsa_frontend:src/assets/layout/styles/theme/theme-light/orange/theme.css","6445","css:S4649","Unexpected missing generic font family","1min","1min","alextorres@sunedu.gob.pe","2025-10-15T09:19:37+0000","2026-03-12T14:36:49+0000","","http://localhost:9000/project/issues?id=si091_reginsa_frontend&issues=AZzie9W3Hru0ZB8CW9e7&open=AZzie9W3Hru0ZB8CW9e7"
"si091_reginsa_frontend","AZzie9W3Hru0ZB8CW9e8","BUG","MAJOR","OPEN",,"si091_reginsa_frontend:src/assets/layout/styles/theme/theme-light/orange/theme.css","6524","css:S4649","Unexpected missing generic font family","1min","1min","alextorres@sunedu.gob.pe","2025-10-15T09:19:37+0000","2026-03-12T14:36:49+0000","","http://localhost:9000/project/issues?id=si091_reginsa_frontend&issues=AZzie9W3Hru0ZB8CW9e8&open=AZzie9W3Hru0ZB8CW9e8"
"si091_reginsa_frontend","AZzie9W3Hru0ZB8CW9e9","BUG","MAJOR","OPEN",,"si091_reginsa_frontend:src/assets/layout/styles/theme/theme-light/orange/theme.css","6532","css:S4649","Unexpected missing generic font family","1min","1min","alextorres@sunedu.gob.pe","2025-10-15T09:19:37+0000","2026-03-12T14:36:49+0000","","http://localhost:9000/project/issues?id=si091_reginsa_frontend&issues=AZzie9W3Hru0ZB8CW9e9&open=AZzie9W3Hru0ZB8CW9e9"
"si091_reginsa_frontend","AZzie9VsHru0ZB8CW9eW","CODE_SMELL","MAJOR","OPEN",,"si091_reginsa_frontend:src/assets/layout/styles/theme/theme-light/pink/theme.css","55","css:S4666","Unexpected duplicate selector "":root"", first used at line 1","1min","1min","alextorres@sunedu.gob.pe","2025-10-15T09:19:37+0000","2026-03-12T14:36:49+0000","","http://localhost:9000/project/issues?id=si091_reginsa_frontend&issues=AZzie9VsHru0ZB8CW9eW&open=AZzie9VsHru0ZB8CW9eW"
"si091_reginsa_frontend","AZzie9VsHru0ZB8CW9eX","CODE_SMELL","MAJOR","OPEN",,"si091_reginsa_frontend:src/assets/layout/styles/theme/theme-light/pink/theme.css","1202","css:S4666","Unexpected duplicate selector "".p-inputswitch.p-inputswitch-checked .p-inputswitch-slider:before"", first used at line 1188","1min","1min","alextorres@sunedu.gob.pe","2025-10-15T09:19:37+0000","2026-03-12T14:36:49+0000","","http://localhost:9000/project/issues?id=si091_reginsa_frontend&issues=AZzie9VsHru0ZB8CW9eX&open=AZzie9VsHru0ZB8CW9eX"
"si091_reginsa_frontend","AZzie9VsHru0ZB8CW9eY","CODE_SMELL","MAJOR","OPEN",,"si091_reginsa_frontend:src/assets/layout/styles/theme/theme-light/pink/theme.css","5165","css:S4666","Unexpected duplicate selector "".p-menubar .p-menubar-root-list .p-menuitem"", first used at line 5141","1min","1min","alextorres@sunedu.gob.pe","2025-10-15T09:19:37+0000","2026-03-12T14:36:49+0000","","http://localhost:9000/project/issues?id=si091_reginsa_frontend&issues=AZzie9VsHru0ZB8CW9eY&open=AZzie9VsHru0ZB8CW9eY"
"si091_reginsa_frontend","AZzie9VsHru0ZB8CW9eQ","BUG","MAJOR","OPEN",,"si091_reginsa_frontend:src/assets/layout/styles/theme/theme-light/pink/theme.css","5439","css:S4656","Unexpected duplicate ""background""","1min","1min","alextorres@sunedu.gob.pe","2025-10-15T09:19:37+0000","2026-03-12T14:36:49+0000","","http://localhost:9000/project/issues?id=si091_reginsa_frontend&issues=AZzie9VsHru0ZB8CW9eQ&open=AZzie9VsHru0ZB8CW9eQ"
"si091_reginsa_frontend","AZzie9VsHru0ZB8CW9eZ","CODE_SMELL","MAJOR","OPEN",,"si091_reginsa_frontend:src/assets/layout/styles/theme/theme-light/pink/theme.css","6113","css:S4666","Unexpected duplicate selector "".p-chip .pi-chip-remove-icon"", first used at line 6104","1min","1min","alextorres@sunedu.gob.pe","2025-10-15T09:19:37+0000","2026-03-12T14:36:49+0000","","http://localhost:9000/project/issues?id=si091_reginsa_frontend&issues=AZzie9VsHru0ZB8CW9eZ&open=AZzie9VsHru0ZB8CW9eZ"
"si091_reginsa_frontend","AZzie9VsHru0ZB8CW9eR","BUG","MAJOR","OPEN",,"si091_reginsa_frontend:src/assets/layout/styles/theme/theme-light/pink/theme.css","6356","css:S4649","Unexpected missing generic font family","1min","1min","alextorres@sunedu.gob.pe","2025-10-15T09:19:37+0000","2026-03-12T14:36:49+0000","","http://localhost:9000/project/issues?id=si091_reginsa_frontend&issues=AZzie9VsHru0ZB8CW9eR&open=AZzie9VsHru0ZB8CW9eR"
"si091_reginsa_frontend","AZzie9VsHru0ZB8CW9eS","BUG","MAJOR","OPEN",,"si091_reginsa_frontend:src/assets/layout/styles/theme/theme-light/pink/theme.css","6364","css:S4649","Unexpected missing generic font family","1min","1min","alextorres@sunedu.gob.pe","2025-10-15T09:19:37+0000","2026-03-12T14:36:49+0000","","http://localhost:9000/project/issues?id=si091_reginsa_frontend&issues=AZzie9VsHru0ZB8CW9eS&open=AZzie9VsHru0ZB8CW9eS"
"si091_reginsa_frontend","AZzie9VsHru0ZB8CW9eT","BUG","MAJOR","OPEN",,"si091_reginsa_frontend:src/assets/layout/styles/theme/theme-light/pink/theme.css","6445","css:S4649","Unexpected missing generic font family","1min","1min","alextorres@sunedu.gob.pe","2025-10-15T09:19:37+0000","2026-03-12T14:36:49+0000","","http://localhost:9000/project/issues?id=si091_reginsa_frontend&issues=AZzie9VsHru0ZB8CW9eT&open=AZzie9VsHru0ZB8CW9eT"
"si091_reginsa_frontend","AZzie9VsHru0ZB8CW9eU","BUG","MAJOR","OPEN",,"si091_reginsa_frontend:src/assets/layout/styles/theme/theme-light/pink/theme.css","6524","css:S4649","Unexpected missing generic font family","1min","1min","alextorres@sunedu.gob.pe","2025-10-15T09:19:37+0000","2026-03-12T14:36:49+0000","","http://localhost:9000/project/issues?id=si091_reginsa_frontend&issues=AZzie9VsHru0ZB8CW9eU&open=AZzie9VsHru0ZB8CW9eU"
"si091_reginsa_frontend","AZzie9VsHru0ZB8CW9eV","BUG","MAJOR","OPEN",,"si091_reginsa_frontend:src/assets/layout/styles/theme/theme-light/pink/theme.css","6532","css:S4649","Unexpected missing generic font family","1min","1min","alextorres@sunedu.gob.pe","2025-10-15T09:19:37+0000","2026-03-12T14:36:49+0000","","http://localhost:9000/project/issues?id=si091_reginsa_frontend&issues=AZzie9VsHru0ZB8CW9eV&open=AZzie9VsHru0ZB8CW9eV"
"si091_reginsa_frontend","AZzie9XLHru0ZB8CW9fI","CODE_SMELL","MAJOR","OPEN",,"si091_reginsa_frontend:src/assets/layout/styles/theme/theme-light/purple/theme.css","55","css:S4666","Unexpected duplicate selector "":root"", first used at line 1","1min","1min","alextorres@sunedu.gob.pe","2025-10-15T09:19:37+0000","2026-03-12T14:36:49+0000","","http://localhost:9000/project/issues?id=si091_reginsa_frontend&issues=AZzie9XLHru0ZB8CW9fI&open=AZzie9XLHru0ZB8CW9fI"
"si091_reginsa_frontend","AZzie9XLHru0ZB8CW9fJ","CODE_SMELL","MAJOR","OPEN",,"si091_reginsa_frontend:src/assets/layout/styles/theme/theme-light/purple/theme.css","1202","css:S4666","Unexpected duplicate selector "".p-inputswitch.p-inputswitch-checked .p-inputswitch-slider:before"", first used at line 1188","1min","1min","alextorres@sunedu.gob.pe","2025-10-15T09:19:37+0000","2026-03-12T14:36:49+0000","","http://localhost:9000/project/issues?id=si091_reginsa_frontend&issues=AZzie9XLHru0ZB8CW9fJ&open=AZzie9XLHru0ZB8CW9fJ"
"si091_reginsa_frontend","AZzie9XLHru0ZB8CW9fK","CODE_SMELL","MAJOR","OPEN",,"si091_reginsa_frontend:src/assets/layout/styles/theme/theme-light/purple/theme.css","5165","css:S4666","Unexpected duplicate selector "".p-menubar .p-menubar-root-list .p-menuitem"", first used at line 5141","1min","1min","alextorres@sunedu.gob.pe","2025-10-15T09:19:37+0000","2026-03-12T14:36:49+0000","","http://localhost:9000/project/issues?id=si091_reginsa_frontend&issues=AZzie9XLHru0ZB8CW9fK&open=AZzie9XLHru0ZB8CW9fK"
"si091_reginsa_frontend","AZzie9XLHru0ZB8CW9fC","BUG","MAJOR","OPEN",,"si091_reginsa_frontend:src/assets/layout/styles/theme/theme-light/purple/theme.css","5439","css:S4656","Unexpected duplicate ""background""","1min","1min","alextorres@sunedu.gob.pe","2025-10-15T09:19:37+0000","2026-03-12T14:36:49+0000","","http://localhost:9000/project/issues?id=si091_reginsa_frontend&issues=AZzie9XLHru0ZB8CW9fC&open=AZzie9XLHru0ZB8CW9fC"
"si091_reginsa_frontend","AZzie9XLHru0ZB8CW9fL","CODE_SMELL","MAJOR","OPEN",,"si091_reginsa_frontend:src/assets/layout/styles/theme/theme-light/purple/theme.css","6113","css:S4666","Unexpected duplicate selector "".p-chip .pi-chip-remove-icon"", first used at line 6104","1min","1min","alextorres@sunedu.gob.pe","2025-10-15T09:19:37+0000","2026-03-12T14:36:49+0000","","http://localhost:9000/project/issues?id=si091_reginsa_frontend&issues=AZzie9XLHru0ZB8CW9fL&open=AZzie9XLHru0ZB8CW9fL"
"si091_reginsa_frontend","AZzie9XLHru0ZB8CW9fD","BUG","MAJOR","OPEN",,"si091_reginsa_frontend:src/assets/layout/styles/theme/theme-light/purple/theme.css","6356","css:S4649","Unexpected missing generic font family","1min","1min","alextorres@sunedu.gob.pe","2025-10-15T09:19:37+0000","2026-03-12T14:36:49+0000","","http://localhost:9000/project/issues?id=si091_reginsa_frontend&issues=AZzie9XLHru0ZB8CW9fD&open=AZzie9XLHru0ZB8CW9fD"
"si091_reginsa_frontend","AZzie9XLHru0ZB8CW9fE","BUG","MAJOR","OPEN",,"si091_reginsa_frontend:src/assets/layout/styles/theme/theme-light/purple/theme.css","6364","css:S4649","Unexpected missing generic font family","1min","1min","alextorres@sunedu.gob.pe","2025-10-15T09:19:37+0000","2026-03-12T14:36:49+0000","","http://localhost:9000/project/issues?id=si091_reginsa_frontend&issues=AZzie9XLHru0ZB8CW9fE&open=AZzie9XLHru0ZB8CW9fE"
"si091_reginsa_frontend","AZzie9XLHru0ZB8CW9fF","BUG","MAJOR","OPEN",,"si091_reginsa_frontend:src/assets/layout/styles/theme/theme-light/purple/theme.css","6445","css:S4649","Unexpected missing generic font family","1min","1min","alextorres@sunedu.gob.pe","2025-10-15T09:19:37+0000","2026-03-12T14:36:49+0000","","http://localhost:9000/project/issues?id=si091_reginsa_frontend&issues=AZzie9XLHru0ZB8CW9fF&open=AZzie9XLHru0ZB8CW9fF"
"si091_reginsa_frontend","AZzie9XLHru0ZB8CW9fG","BUG","MAJOR","OPEN",,"si091_reginsa_frontend:src/assets/layout/styles/theme/theme-light/purple/theme.css","6524","css:S4649","Unexpected missing generic font family","1min","1min","alextorres@sunedu.gob.pe","2025-10-15T09:19:37+0000","2026-03-12T14:36:49+0000","","http://localhost:9000/project/issues?id=si091_reginsa_frontend&issues=AZzie9XLHru0ZB8CW9fG&open=AZzie9XLHru0ZB8CW9fG"
"si091_reginsa_frontend","AZzie9XLHru0ZB8CW9fH","BUG","MAJOR","OPEN",,"si091_reginsa_frontend:src/assets/layout/styles/theme/theme-light/purple/theme.css","6532","css:S4649","Unexpected missing generic font family","1min","1min","alextorres@sunedu.gob.pe","2025-10-15T09:19:37+0000","2026-03-12T14:36:49+0000","","http://localhost:9000/project/issues?id=si091_reginsa_frontend&issues=AZzie9XLHru0ZB8CW9fH&open=AZzie9XLHru0ZB8CW9fH"
"si091_reginsa_frontend","AZzie9WRHru0ZB8CW9eq","CODE_SMELL","MAJOR","OPEN",,"si091_reginsa_frontend:src/assets/layout/styles/theme/theme-light/teal/theme.css","55","css:S4666","Unexpected duplicate selector "":root"", first used at line 1","1min","1min","alextorres@sunedu.gob.pe","2025-10-15T09:19:37+0000","2026-03-12T14:36:49+0000","","http://localhost:9000/project/issues?id=si091_reginsa_frontend&issues=AZzie9WRHru0ZB8CW9eq&open=AZzie9WRHru0ZB8CW9eq"
"si091_reginsa_frontend","AZzie9WRHru0ZB8CW9er","CODE_SMELL","MAJOR","OPEN",,"si091_reginsa_frontend:src/assets/layout/styles/theme/theme-light/teal/theme.css","1202","css:S4666","Unexpected duplicate selector "".p-inputswitch.p-inputswitch-checked .p-inputswitch-slider:before"", first used at line 1188","1min","1min","alextorres@sunedu.gob.pe","2025-10-15T09:19:37+0000","2026-03-12T14:36:49+0000","","http://localhost:9000/project/issues?id=si091_reginsa_frontend&issues=AZzie9WRHru0ZB8CW9er&open=AZzie9WRHru0ZB8CW9er"
"si091_reginsa_frontend","AZzie9WRHru0ZB8CW9es","CODE_SMELL","MAJOR","OPEN",,"si091_reginsa_frontend:src/assets/layout/styles/theme/theme-light/teal/theme.css","5165","css:S4666","Unexpected duplicate selector "".p-menubar .p-menubar-root-list .p-menuitem"", first used at line 5141","1min","1min","alextorres@sunedu.gob.pe","2025-10-15T09:19:37+0000","2026-03-12T14:36:49+0000","","http://localhost:9000/project/issues?id=si091_reginsa_frontend&issues=AZzie9WRHru0ZB8CW9es&open=AZzie9WRHru0ZB8CW9es"
"si091_reginsa_frontend","AZzie9WRHru0ZB8CW9ek","BUG","MAJOR","OPEN",,"si091_reginsa_frontend:src/assets/layout/styles/theme/theme-light/teal/theme.css","5439","css:S4656","Unexpected duplicate ""background""","1min","1min","alextorres@sunedu.gob.pe","2025-10-15T09:19:37+0000","2026-03-12T14:36:49+0000","","http://localhost:9000/project/issues?id=si091_reginsa_frontend&issues=AZzie9WRHru0ZB8CW9ek&open=AZzie9WRHru0ZB8CW9ek"
"si091_reginsa_frontend","AZzie9WRHru0ZB8CW9et","CODE_SMELL","MAJOR","OPEN",,"si091_reginsa_frontend:src/assets/layout/styles/theme/theme-light/teal/theme.css","6113","css:S4666","Unexpected duplicate selector "".p-chip .pi-chip-remove-icon"", first used at line 6104","1min","1min","alextorres@sunedu.gob.pe","2025-10-15T09:19:37+0000","2026-03-12T14:36:49+0000","","http://localhost:9000/project/issues?id=si091_reginsa_frontend&issues=AZzie9WRHru0ZB8CW9et&open=AZzie9WRHru0ZB8CW9et"
"si091_reginsa_frontend","AZzie9WRHru0ZB8CW9el","BUG","MAJOR","OPEN",,"si091_reginsa_frontend:src/assets/layout/styles/theme/theme-light/teal/theme.css","6356","css:S4649","Unexpected missing generic font family","1min","1min","alextorres@sunedu.gob.pe","2025-10-15T09:19:37+0000","2026-03-12T14:36:49+0000","","http://localhost:9000/project/issues?id=si091_reginsa_frontend&issues=AZzie9WRHru0ZB8CW9el&open=AZzie9WRHru0ZB8CW9el"
"si091_reginsa_frontend","AZzie9WRHru0ZB8CW9em","BUG","MAJOR","OPEN",,"si091_reginsa_frontend:src/assets/layout/styles/theme/theme-light/teal/theme.css","6364","css:S4649","Unexpected missing generic font family","1min","1min","alextorres@sunedu.gob.pe","2025-10-15T09:19:37+0000","2026-03-12T14:36:49+0000","","http://localhost:9000/project/issues?id=si091_reginsa_frontend&issues=AZzie9WRHru0ZB8CW9em&open=AZzie9WRHru0ZB8CW9em"
"si091_reginsa_frontend","AZzie9WRHru0ZB8CW9en","BUG","MAJOR","OPEN",,"si091_reginsa_frontend:src/assets/layout/styles/theme/theme-light/teal/theme.css","6445","css:S4649","Unexpected missing generic font family","1min","1min","alextorres@sunedu.gob.pe","2025-10-15T09:19:37+0000","2026-03-12T14:36:49+0000","","http://localhost:9000/project/issues?id=si091_reginsa_frontend&issues=AZzie9WRHru0ZB8CW9en&open=AZzie9WRHru0ZB8CW9en"
"si091_reginsa_frontend","AZzie9WRHru0ZB8CW9eo","BUG","MAJOR","OPEN",,"si091_reginsa_frontend:src/assets/layout/styles/theme/theme-light/teal/theme.css","6524","css:S4649","Unexpected missing generic font family","1min","1min","alextorres@sunedu.gob.pe","2025-10-15T09:19:37+0000","2026-03-12T14:36:49+0000","","http://localhost:9000/project/issues?id=si091_reginsa_frontend&issues=AZzie9WRHru0ZB8CW9eo&open=AZzie9WRHru0ZB8CW9eo"
"si091_reginsa_frontend","AZzie9WRHru0ZB8CW9ep","BUG","MAJOR","OPEN",,"si091_reginsa_frontend:src/assets/layout/styles/theme/theme-light/teal/theme.css","6532","css:S4649","Unexpected missing generic font family","1min","1min","alextorres@sunedu.gob.pe","2025-10-15T09:19:37+0000","2026-03-12T14:36:49+0000","","http://localhost:9000/project/issues?id=si091_reginsa_frontend&issues=AZzie9WRHru0ZB8CW9ep&open=AZzie9WRHru0ZB8CW9ep"
"si091_reginsa_frontend","AZzie9itHru0ZB8CW9is","CODE_SMELL","MINOR","OPEN",,"si091_reginsa_frontend:src/upload.php","","php:S113","Add a new line at the end of this file.","1min","1min","alextorres@sunedu.gob.pe","2025-10-15T09:19:37+0000","2026-03-12T14:36:49+0000","convention","http://localhost:9000/project/issues?id=si091_reginsa_frontend&issues=AZzie9itHru0ZB8CW9is&open=AZzie9itHru0ZB8CW9is"
"si091_reginsa_frontend","AZzie9itHru0ZB8CW9iq","CODE_SMELL","MINOR","OPEN",,"si091_reginsa_frontend:src/upload.php","1","php:S1131","Remove the useless trailing whitespaces at the end of this line.","1min","1min","alextorres@sunedu.gob.pe","2025-10-15T09:19:37+0000","2026-03-12T14:36:49+0000","convention;psr2","http://localhost:9000/project/issues?id=si091_reginsa_frontend&issues=AZzie9itHru0ZB8CW9iq&open=AZzie9itHru0ZB8CW9iq"
"si091_reginsa_frontend","AZzie9itHru0ZB8CW9ir","CODE_SMELL","MINOR","OPEN",,"si091_reginsa_frontend:src/upload.php","1","php:S1780","Remove this closing tag ""?>"".","2min","2min","alextorres@sunedu.gob.pe","2025-10-15T09:19:37+0000","2026-03-12T14:36:49+0000","bad-practice;psr2","http://localhost:9000/project/issues?id=si091_reginsa_frontend&issues=AZzie9itHru0ZB8CW9ir&open=AZzie9itHru0ZB8CW9ir"
